Workbook
Name _______DAT10: #REF!
Name _______DAT11: #REF!
Name _______DAT12: #REF!
Name _______DAT13: #REF!
Name _______DAT14: #REF!
Name _______DAT15: #REF!
Name _______DAT16: #REF!
Name _______DAT17: #REF!
Name _______DAT18: #REF!
Name _______DAT19: #REF!
Name _______DAT2: #REF!
Name _______DAT20: #REF!
Name _______DAT22: #REF!
Name _______DAT23: #REF!
Name _______DAT24: #REF!
Name _______DAT26: #REF!
Name _______DAT27: #REF!
Name _______DAT28: #REF!
Name _______DAT29: #REF!
Name _______DAT3: #REF!
Name _______DAT30: #REF!
Name _______DAT31: #REF!
Name _______DAT32: #REF!
Name _______DAT33: #REF!
Name _______DAT34: #REF!
Name _______DAT35: #REF!
Name _______DAT36: #REF!
Name _______DAT37: #REF!
Name _______DAT38: #REF!
Name _______DAT39: #REF!
Name _______DAT4: #REF!
Name _______DAT40: #REF!
Name _______DAT41: #REF!
Name _______DAT42: #REF!
Name _______DAT43: #REF!
Name _______DAT44: #REF!
Name _______DAT45: #REF!
Name _______DAT46: #REF!
Name _______DAT47: #REF!
Name _______DAT48: #REF!
Name _______DAT5: #REF!
Name _______DAT6: #REF!
Name _______DAT7: #REF!
Name _______DAT8: #REF!
Name _______DAT9: #REF!
Name ______DAT1: #REF!
Name ______DAT10: #REF!
Name ______DAT11: #REF!
Name ______DAT12: #REF!
Name ______DAT13: #REF!
Name ______DAT14: #REF!
Name ______DAT15: #REF!
Name ______DAT16: #REF!
Name ______DAT17: #REF!
Name ______DAT18: #REF!
Name ______DAT19: #REF!
Name ______DAT2: #REF!
Name ______DAT20: #REF!
Name ______DAT21: #REF!
Name ______DAT22: #REF!

Sheet Scope 1
AU1: 2022 | AV1: 2023 | AW1: 2024
B2: Fuel/Raw Material Usage and Waste Incineration Activity Data | AT2: Total Scope 1 Emissions | AU2: =SUMIF($Y$6:$Y$79,"2022",$AT$6:$AT$79) -> 5807.3723 | AV2: =SUMIF($Y$6:$Y$79,"2023",$AT$6:$AT$79) -> 5472.6179 | AW2: =SUMIF($Y$6:$Y$79,"2024",$AT$6:$AT$79) -> 5415.5677
B4: No | D4: Information of Entity/Facility Site | E4: Fuel Usage Information | Y4: Deloitte_raw data 보완 | AS4: Emissions calculation
B5: No | C5: Name of Entity | D5: Name of Facility | E5: Name of Own facility | F5: Classification of Fuel/Raw Material | G5: Emissions Activities | H5: Detailed Description | I5: Types of fuel | J5: Detailed Description of Fuel/Raw Material | K5: Fuel usage | L5: Jan | M5: Feb | N5: Mar | O5: Apr | P5: May | Q5: Jun | R5: Jul | S5: Aug | T5: Sep | U5: Oct | V5: Nov | W5: Dec | X5: Unit | Y5: Data Collection Year | Z5: Name of Own facility | AA5: Combustion Type | AB5: Types of fuel | AC5: Jan | AD5: Feb | AE5: Mar | AF5: Apr | AG5: May | AH5: Jun | AI5: Jul | AJ5: Aug | AK5: Sep | AL5: Oct | AM5: Nov | AN5: Dec | AO5: For Review | AP5: Fuel usage | AQ5: Unit | AR5: Fuel Consumption (kg) | AS5: Energy Consumption (MJ) | AT5: GHG Emissions (tCO2eq) | AU5: kgCO2 | AV5: kgCH4 | AW5: kgN2O
B6: 1 | C6: HOJEON LIMITED | D6: HOJEON LIMITED Co., Ltd | E6: Vehicle | F6: Fuel | G6: Mobile combustion | H6: 차량 운행 | I6: Automotive gasoline (petrol) | K6: 21.896259 | L6: 1.7928166 | M6: 1.6324213 | N6: 1.6471847 | O6: 2.0347238 | P6: 1.9814761 | Q6: 1.5390641 | R6: 2.0951131 | S6: 2.0864833 | T6: 2.0737647 | U6: 1.5738172 | V6: 1.347481 | W6: 2.0919136 | X6: ㎥ | Y6: 2022 | Z6: =VLOOKUP($E6,'[1]5-2. Emission Facility'!$B$7:$D$16,2,0) -> Vehicle | AA6: =VLOOKUP($Z6,'[1]5-2. Emission Facility'!$C$7:$D$16,2,0) -> Mobile combustion | AB6: =IF($C6="","",IF(VLOOKUP($C6,'[1]1. General Facility Information'!$C$7:$E$13,3,0)="Korea",'Scope 1'!$I6,INDEX('[1]5-1. Fuel Density'!$B$6:$B$18,MATCH('Scope 1'!$I6,'[1]5-1. Fuel Density'!$C$6:$C$18,0)))) -> Automotive gasoline (petrol) | AC6: =IF(OR($X6="㎥",$X6="kg"),$L6,"") -> 1.7928166 | AD6: =IF(OR($X6="㎥",$X6="kg"),M6,"") -> 1.6324213 | AE6: =IF(OR($X6="㎥",$X6="kg"),N6,"") -> 1.6471847 | AF6: =IF(OR($X6="㎥",$X6="kg"),O6,"") -> 2.0347238 | AG6: =IF(OR($X6="㎥",$X6="kg"),P6,"") -> 1.9814761 | AH6: =IF(OR($X6="㎥",$X6="kg"),Q6,"") -> 1.5390641 | AI6: =IF(OR($X6="㎥",$X6="kg"),R6,"") -> 2.0951131 | AJ6: =IF(OR($X6="㎥",$X6="kg"),S6,"") -> 2.0864833 | AK6: =IF(OR($X6="㎥",$X6="kg"),T6,"") -> 2.0737647 | ... AN6: =IF(OR($X6="㎥",$X6="kg"),W6,"") -> 2.0919136 | AO6: =IF(SUM(AC6:AN6)-AP6=0,"","X") | AP6: =IF(OR($X6="㎥",$X6="kg"),$K6,"") -> 21.896259 | AQ6: =IF(OR($X6="㎥",$X6="kg"),$X6,"") -> ㎥ | AR6: =IF($C6="","",$AP6*IF($AQ6="㎥",VLOOKUP('Scope 1'!AQ6,'[1]5-3. Unit Conversion'!$B$5:$J$13,3,FALSE)*VLOOKUP('Scope 1'!AB6,'[1]5-1. Fuel Density'!$B$6:$D$18,3,FALSE)*1000,IF($AQ6="kg",VLOOKUP('Scope 1'!AQ6,'[1]5-3. Unit Conversion'!$B$16:$G$21,3,FALSE),0))) -> 16225.128 | AS6: =IFERROR(IF($AB6="","",IF(VLOOKUP($AB6,'[1]5-1. Fuel Density'!$B$6:$G$19,6,0)="Use of other GHGs",0,IF($AB6="Industrial Wastes",$AR6*'[1]5-4. Calorific&Emission factor'!$R$75,$AR6*VLOOKUP($AB6,'[1]5-4. Calorific&Emission factor'!$P$9:$R$74,3,FALSE)))),0) -> 718773.18 | AT6: =IF($AB6="","",IF(OR($AB6="Hydrofluorocarbons(HFCs)",$AB6="ETC"),$AR6*VLOOKUP($J6,'[1]5-4. Calorific&Emission factor'!$B$10:$D$14,3,0)/1000,IF(VLOOKUP($AB6,'[1]5-1. Fuel Density'!$B$6:$G$19,6,0)="Use of other GHGs",$AU6/1000,(($AU6*'[1]5-4. Calorific&Emission factor'!$D$7)+($AV6*'[1]5-4. Calorific&Emission factor'!$D$8)+($AW6*'[1]5-4. Calorific&Emission factor'!$D$9))/1000))) -> 49.986937 | AU6: =IF($AB6="","",IF(VLOOKUP($AB6,'[1]5-1. Fuel Density'!$B$6:$G$19,6,0)="Use of other GHGs",$AR6*VLOOKUP($AB6,'[1]5-4. Calorific&Emission factor'!$O$9:$Y$74,5,FALSE)/1000000,$AS6*VLOOKUP($AB6,'[1]5-4. Calorific&Emission factor'!$P$9:$Y$74,4,FALSE)/1000000)) -> 49810.981 | AV6: =IF($AB6="","",IF(VLOOKUP($AB6,'[1]5-1. Fuel Density'!$B$6:$G$19,6,0)="Use of other GHGs",0,$AS6*VLOOKUP($AB6,'[1]5-4. Calorific&Emission factor'!$P$9:$Y$74,6,FALSE)/1000000)) -> 2.1563195 | AW6: =IF($AB6="","",IF(VLOOKUP($AB6,'[1]5-1. Fuel Density'!$B$6:$G$19,6,0)="Use of other GHGs",0,$AS6*VLOOKUP($AB6,'[1]5-4. Calorific&Emission factor'!$P$9:$Y$74,9,FALSE)/1000000)) -> 0.43126391
B7: 2 | C7: PT. KAHOINDAH CITRAGARMENT | D7: KAHOINDAH CITRAGARMENT | E7: Vehicle | F7: Fuel | G7: Mobile combustion fuels and vehicle | H7: manager-level operational vehicles | I7: Automotive gasoline (petrol) | J7: RON 90 (called Pertalite) | K7: 30.25447 | L7: 2.6508 | M7: 1.94136 | N7: 2.56895 | O7: 2.61433 | P7: 1.80482 | Q7: 2.89079 | R7: 2.89508 | S7: 2.83213 | T7: 2.59511 | U7: 2.39294 | V7: 2.50454 | W7: 2.56362 | X7: ㎥ | Y7: 2022 | Z7: =VLOOKUP($E7,'[1]5-2. Emission Facility'!$B$7:$D$16,2,0) -> Vehicle | AA7: =VLOOKUP($Z7,'[1]5-2. Emission Facility'!$C$7:$D$16,2,0) -> Mobile combustion | AB7: =IF($C7="","",IF(VLOOKUP($C7,'[1]1. General Facility Information'!$C$7:$E$13,3,0)="Korea",'Scope 1'!$I7,INDEX('[1]5-1. Fuel Density'!$B$6:$B$18,MATCH('Scope 1'!$I7,'[1]5-1. Fuel Density'!$C$6:$C$18,0)))) -> Automotive gasoline (petrol) | AC7: =IF(OR($X7="㎥",$X7="kg"),$L7,"") -> 2.6508 | AD7: =IF(OR($X7="㎥",$X7="kg"),M7,"") -> 1.94136 | AE7: =IF(OR($X7="㎥",$X7="kg"),N7,"") -> 2.56895 | AF7: =IF(OR($X7="㎥",$X7="kg"),O7,"") -> 2.61433 | AG7: =IF(OR($X7="㎥",$X7="kg"),P7,"") -> 1.80482 | AH7: =IF(OR($X7="㎥",$X7="kg"),Q7,"") -> 2.89079 | AI7: =IF(OR($X7="㎥",$X7="kg"),R7,"") -> 2.89508 | AJ7: =IF(OR($X7="㎥",$X7="kg"),S7,"") -> 2.83213 | AK7: =IF(OR($X7="㎥",$X7="kg"),T7,"") -> 2.59511 | ... AN7: =IF(OR($X7="㎥",$X7="kg"),W7,"") -> 2.56362 | AO7: =IF(SUM(AC7:AN7)-AP7=0,"","X") | AP7: =IF(OR($X7="㎥",$X7="kg"),$K7,"") -> 30.25447 | AQ7: =IF(OR($X7="㎥",$X7="kg"),$X7,"") -> ㎥ | AR7: =IF($C7="","",$AP7*IF($AQ7="㎥",VLOOKUP('Scope 1'!AQ7,'[1]5-3. Unit Conversion'!$B$5:$J$13,3,FALSE)*VLOOKUP('Scope 1'!AB7,'[1]5-1. Fuel Density'!$B$6:$D$18,3,FALSE)*1000,IF($AQ7="kg",VLOOKUP('Scope 1'!AQ7,'[1]5-3. Unit Conversion'!$B$16:$G$21,3,FALSE),0))) -> 22418.562 | AS7: =IFERROR(IF($AB7="","",IF(VLOOKUP($AB7,'[1]5-1. Fuel Density'!$B$6:$G$19,6,0)="Use of other GHGs",0,IF($AB7="Industrial Wastes",$AR7*'[1]5-4. Calorific&Emission factor'!$R$75,$AR7*VLOOKUP($AB7,'[1]5-4. Calorific&Emission factor'!$P$9:$R$74,3,FALSE)))),0) -> 993142.31 | AT7: =IF($AB7="","",IF(OR($AB7="Hydrofluorocarbons(HFCs)",$AB7="ETC"),$AR7*VLOOKUP($J7,'[1]5-4. Calorific&Emission factor'!$B$10:$D$14,3,0)/1000,IF(VLOOKUP($AB7,'[1]5-1. Fuel Density'!$B$6:$G$19,6,0)="Use of other GHGs",$AU7/1000,(($AU7*'[1]5-4. Calorific&Emission factor'!$D$7)+($AV7*'[1]5-4. Calorific&Emission factor'!$D$8)+($AW7*'[1]5-4. Calorific&Emission factor'!$D$9))/1000))) -> 69.067883 | AU7: =IF($AB7="","",IF(VLOOKUP($AB7,'[1]5-1. Fuel Density'!$B$6:$G$19,6,0)="Use of other GHGs",$AR7*VLOOKUP($AB7,'[1]5-4. Calorific&Emission factor'!$O$9:$Y$74,5,FALSE)/1000000,$AS7*VLOOKUP($AB7,'[1]5-4. Calorific&Emission factor'!$P$9:$Y$74,4,FALSE)/1000000)) -> 68824.762 | AV7: =IF($AB7="","",IF(VLOOKUP($AB7,'[1]5-1. Fuel Density'!$B$6:$G$19,6,0)="Use of other GHGs",0,$AS7*VLOOKUP($AB7,'[1]5-4. Calorific&Emission factor'!$P$9:$Y$74,6,FALSE)/1000000)) -> 2.9794269 | AW7: =IF($AB7="","",IF(VLOOKUP($AB7,'[1]5-1. Fuel Density'!$B$6:$G$19,6,0)="Use of other GHGs",0,$AS7*VLOOKUP($AB7,'[1]5-4. Calorific&Emission factor'!$P$9:$Y$74,9,FALSE)/1000000)) -> 0.59588539
B8: 3 | C8: PT. KAHOINDAH CITRAGARMENT | D8: KAHOINDAH CITRAGARMENT | E8: Boiler | F8: Fuel | G8: Stationary combustion fuels and equipment - Solid Fuel | H8: converts boiler combustion to produce heat that is used for steam ironing and fabric relaxation. | I8: Industrial Wastes | J8: Fabric Waste from Production | K8: 323390 | L8: 24973 | M8: 22164 | N8: 29643 | O8: 26953 | P8: 19481 | Q8: 26867 | R8: 24545 | S8: 27071 | T8: 31734 | U8: 29833 | V8: 30496 | W8: 29630 | X8: kg | Y8: 2022 | Z8: =VLOOKUP($E8,'[1]5-2. Emission Facility'!$B$7:$D$16,2,0) -> Boiler | AA8: =VLOOKUP($Z8,'[1]5-2. Emission Facility'!$C$7:$D$16,2,0) -> Stationary Combustion | AB8: =IF($C8="","",IF(VLOOKUP($C8,'[1]1. General Facility Information'!$C$7:$E$13,3,0)="Korea",'Scope 1'!$I8,INDEX('[1]5-1. Fuel Density'!$B$6:$B$18,MATCH('Scope 1'!$I8,'[1]5-1. Fuel Density'!$C$6:$C$18,0)))) -> Industrial Wastes | AC8: =IF(OR($X8="㎥",$X8="kg"),$L8,"") -> 24973 | AD8: =IF(OR($X8="㎥",$X8="kg"),M8,"") -> 22164 | AE8: =IF(OR($X8="㎥",$X8="kg"),N8,"") -> 29643 | AF8: =IF(OR($X8="㎥",$X8="kg"),O8,"") -> 26953 | AG8: =IF(OR($X8="㎥",$X8="kg"),P8,"") -> 19481 | AH8: =IF(OR($X8="㎥",$X8="kg"),Q8,"") -> 26867 | AI8: =IF(OR($X8="㎥",$X8="kg"),R8,"") -> 24545 | AJ8: =IF(OR($X8="㎥",$X8="kg"),S8,"") -> 27071 | AK8: =IF(OR($X8="㎥",$X8="kg"),T8,"") -> 31734 | ... AN8: =IF(OR($X8="㎥",$X8="kg"),W8,"") -> 29630 | AO8: =IF(SUM(AC8:AN8)-AP8=0,"","X") | AP8: =IF(OR($X8="㎥",$X8="kg"),$K8,"") -> 323390 | AQ8: =IF(OR($X8="㎥",$X8="kg"),$X8,"") -> kg | AR8: =IF($C8="","",$AP8*IF($AQ8="㎥",VLOOKUP('Scope 1'!AQ8,'[1]5-3. Unit Conversion'!$B$5:$J$13,3,FALSE)*VLOOKUP('Scope 1'!AB8,'[1]5-1. Fuel Density'!$B$6:$D$18,3,FALSE)*1000,IF($AQ8="kg",VLOOKUP('Scope 1'!AQ8,'[1]5-3. Unit Conversion'!$B$16:$G$21,3,FALSE),0))) -> 323390 | AS8: =IFERROR(IF($AB8="","",IF(VLOOKUP($AB8,'[1]5-1. Fuel Density'!$B$6:$G$19,6,0)="Use of other GHGs",0,IF($AB8="Industrial Wastes",$AR8*'[1]5-4. Calorific&Emission factor'!$R$75,$AR8*VLOOKUP($AB8,'[1]5-4. Calorific&Emission factor'!$P$9:$R$74,3,FALSE)))),0) -> 7035936.5 | AT8: =IF($AB8="","",IF(OR($AB8="Hydrofluorocarbons(HFCs)",$AB8="ETC"),$AR8*VLOOKUP($J8,'[1]5-4. Calorific&Emission factor'!$B$10:$D$14,3,0)/1000,IF(VLOOKUP($AB8,'[1]5-1. Fuel Density'!$B$6:$G$19,6,0)="Use of other GHGs",$AU8/1000,(($AU8*'[1]5-4. Calorific&Emission factor'!$D$7)+($AV8*'[1]5-4. Calorific&Emission factor'!$D$8)+($AW8*'[1]5-4. Calorific&Emission factor'!$D$9))/1000))) -> 1019.5213 | AU8: =IF($AB8="","",IF(VLOOKUP($AB8,'[1]5-1. Fuel Density'!$B$6:$G$19,6,0)="Use of other GHGs",$AR8*VLOOKUP($AB8,'[1]5-4. Calorific&Emission factor'!$O$9:$Y$74,5,FALSE)/1000000,$AS8*VLOOKUP($AB8,'[1]5-4. Calorific&Emission factor'!$P$9:$Y$74,4,FALSE)/1000000)) -> 1006138.9 | AV8: =IF($AB8="","",IF(VLOOKUP($AB8,'[1]5-1. Fuel Density'!$B$6:$G$19,6,0)="Use of other GHGs",0,$AS8*VLOOKUP($AB8,'[1]5-4. Calorific&Emission factor'!$P$9:$Y$74,6,FALSE)/1000000)) -> 211.0781 | AW8: =IF($AB8="","",IF(VLOOKUP($AB8,'[1]5-1. Fuel Density'!$B$6:$G$19,6,0)="Use of other GHGs",0,$AS8*VLOOKUP($AB8,'[1]5-4. Calorific&Emission factor'!$P$9:$Y$74,9,FALSE)/1000000)) -> 28.143746
B9: 4 | C9: PT. KAHOINDAH CITRAGARMENT | D9: KAHOINDAH CITRAGARMENT | E9: Forklift | F9: Fuel | G9: Mobile combustion fuels and vehicle | H9: to transport heavy weight item from one location to another location using forklift | I9: Biodiesel | J9: Biosolar (B30) | K9: 1.55 | L9: 0.13 | M9: 0.13 | N9: 0.14 | O9: 0.14 | P9: 0.12 | Q9: 0.12 | R9: 0.13 | S9: 0.14 | T9: 0.14 | U9: 0.12 | V9: 0.12 | W9: 0.12 | X9: ㎥ | Y9: 2022 | Z9: =VLOOKUP($E9,'[1]5-2. Emission Facility'!$B$7:$D$16,2,0) -> Forklift | AA9: =VLOOKUP($Z9,'[1]5-2. Emission Facility'!$C$7:$D$16,2,0) -> Mobile combustion | AB9: =IF($C9="","",IF(VLOOKUP($C9,'[1]1. General Facility Information'!$C$7:$E$13,3,0)="Korea",'Scope 1'!$I9,INDEX('[1]5-1. Fuel Density'!$B$6:$B$18,MATCH('Scope 1'!$I9,'[1]5-1. Fuel Density'!$C$6:$C$18,0)))) -> Biodiesel | AC9: =IF(OR($X9="㎥",$X9="kg"),$L9,"") -> 0.13 | AD9: =IF(OR($X9="㎥",$X9="kg"),M9,"") -> 0.13 | AE9: =IF(OR($X9="㎥",$X9="kg"),N9,"") -> 0.14 | AF9: =IF(OR($X9="㎥",$X9="kg"),O9,"") -> 0.14 | AG9: =IF(OR($X9="㎥",$X9="kg"),P9,"") -> 0.12 | AH9: =IF(OR($X9="㎥",$X9="kg"),Q9,"") -> 0.12 | AI9: =IF(OR($X9="㎥",$X9="kg"),R9,"") -> 0.13 | AJ9: =IF(OR($X9="㎥",$X9="kg"),S9,"") -> 0.14 | AK9: =IF(OR($X9="㎥",$X9="kg"),T9,"") -> 0.14 | ... AN9: =IF(OR($X9="㎥",$X9="kg"),W9,"") -> 0.12 | AO9: =IF(SUM(AC9:AN9)-AP9=0,"","X") | AP9: =IF(OR($X9="㎥",$X9="kg"),$K9,"") -> 1.55 | AQ9: =IF(OR($X9="㎥",$X9="kg"),$X9,"") -> ㎥ | AR9: =IF($C9="","",$AP9*IF($AQ9="㎥",VLOOKUP('Scope 1'!AQ9,'[1]5-3. Unit Conversion'!$B$5:$J$13,3,FALSE)*VLOOKUP('Scope 1'!AB9,'[1]5-1. Fuel Density'!$B$6:$D$18,3,FALSE)*1000,IF($AQ9="kg",VLOOKUP('Scope 1'!AQ9,'[1]5-3. Unit Conversion'!$B$16:$G$21,3,FALSE),0))) -> 1309.75 | AS9: =IFERROR(IF($AB9="","",IF(VLOOKUP($AB9,'[1]5-1. Fuel Density'!$B$6:$G$19,6,0)="Use of other GHGs",0,IF($AB9="Industrial Wastes",$AR9*'[1]5-4. Calorific&Emission factor'!$R$75,$AR9*VLOOKUP($AB9,'[1]5-4. Calorific&Emission factor'!$P$9:$R$74,3,FALSE)))),0) -> 35363.25 | AT9: =IF($AB9="","",IF(OR($AB9="Hydrofluorocarbons(HFCs)",$AB9="ETC"),$AR9*VLOOKUP($J9,'[1]5-4. Calorific&Emission factor'!$B$10:$D$14,3,0)/1000,IF(VLOOKUP($AB9,'[1]5-1. Fuel Density'!$B$6:$G$19,6,0)="Use of other GHGs",$AU9/1000,(($AU9*'[1]5-4. Calorific&Emission factor'!$D$7)+($AV9*'[1]5-4. Calorific&Emission factor'!$D$8)+($AW9*'[1]5-4. Calorific&Emission factor'!$D$9))/1000))) -> 2.512375 | AU9: =IF($AB9="","",IF(VLOOKUP($AB9,'[1]5-1. Fuel Density'!$B$6:$G$19,6,0)="Use of other GHGs",$AR9*VLOOKUP($AB9,'[1]5-4. Calorific&Emission factor'!$O$9:$Y$74,5,FALSE)/1000000,$AS9*VLOOKUP($AB9,'[1]5-4. Calorific&Emission factor'!$P$9:$Y$74,4,FALSE)/1000000)) -> 2503.7181 | AV9: =IF($AB9="","",IF(VLOOKUP($AB9,'[1]5-1. Fuel Density'!$B$6:$G$19,6,0)="Use of other GHGs",0,$AS9*VLOOKUP($AB9,'[1]5-4. Calorific&Emission factor'!$P$9:$Y$74,6,FALSE)/1000000)) -> 0.10608975 | AW9: =IF($AB9="","",IF(VLOOKUP($AB9,'[1]5-1. Fuel Density'!$B$6:$G$19,6,0)="Use of other GHGs",0,$AS9*VLOOKUP($AB9,'[1]5-4. Calorific&Emission factor'!$P$9:$Y$74,9,FALSE)/1000000)) -> 0.02121795
B10: 5 | C10: PT. KAHOINDAH CITRAGARMENT | D10: KAHOINDAH CITRAGARMENT | E10: Kitchen | F10: Fuel | G10: Stationary combustion fuels and equipment - Gaseous Fuel | H10: coocking food | I10: Liquefied Petroleum Gas (LPG) | J10: LPG 12 KG | K10: 312 | L10: 36 | M10: 36 | N10: 24 | O10: 24 | P10: 12 | Q10: 24 | R10: 36 | S10: 24 | T10: 12 | U10: 24 | V10: 48 | W10: 12 | X10: kg | Y10: 2022 | Z10: =VLOOKUP($E10,'[1]5-2. Emission Facility'!$B$7:$D$16,2,0) -> Kitchen | AA10: =VLOOKUP($Z10,'[1]5-2. Emission Facility'!$C$7:$D$16,2,0) -> Others | AB10: =IF($C10="","",IF(VLOOKUP($C10,'[1]1. General Facility Information'!$C$7:$E$13,3,0)="Korea",'Scope 1'!$I10,INDEX('[1]5-1. Fuel Density'!$B$6:$B$18,MATCH('Scope 1'!$I10,'[1]5-1. Fuel Density'!$C$6:$C$18,0)))) -> Liquefied Petroleum Gas (LPG) | AC10: =IF(OR($X10="㎥",$X10="kg"),$L10,"") -> 36 | AD10: =IF(OR($X10="㎥",$X10="kg"),M10,"") -> 36 | AE10: =IF(OR($X10="㎥",$X10="kg"),N10,"") -> 24 | AF10: =IF(OR($X10="㎥",$X10="kg"),O10,"") -> 24 | AG10: =IF(OR($X10="㎥",$X10="kg"),P10,"") -> 12 | AH10: =IF(OR($X10="㎥",$X10="kg"),Q10,"") -> 24 | AI10: =IF(OR($X10="㎥",$X10="kg"),R10,"") -> 36 | AJ10: =IF(OR($X10="㎥",$X10="kg"),S10,"") -> 24 | AK10: =IF(OR($X10="㎥",$X10="kg"),T10,"") -> 12 | ... AN10: =IF(OR($X10="㎥",$X10="kg"),W10,"") -> 12 | AO10: =IF(SUM(AC10:AN10)-AP10=0,"","X") | AP10: =IF(OR($X10="㎥",$X10="kg"),$K10,"") -> 312 | AQ10: =IF(OR($X10="㎥",$X10="kg"),$X10,"") -> kg | AR10: =IF($C10="","",$AP10*IF($AQ10="㎥",VLOOKUP('Scope 1'!AQ10,'[1]5-3. Unit Conversion'!$B$5:$J$13,3,FALSE)*VLOOKUP('Scope 1'!AB10,'[1]5-1. Fuel Density'!$B$6:$D$18,3,FALSE)*1000,IF($AQ10="kg",VLOOKUP('Scope 1'!AQ10,'[1]5-3. Unit Conversion'!$B$16:$G$21,3,FALSE),0))) -> 312 | AS10: =IFERROR(IF($AB10="","",IF(VLOOKUP($AB10,'[1]5-1. Fuel Density'!$B$6:$G$19,6,0)="Use of other GHGs",0,IF($AB10="Industrial Wastes",$AR10*'[1]5-4. Calorific&Emission factor'!$R$75,$AR10*VLOOKUP($AB10,'[1]5-4. Calorific&Emission factor'!$P$9:$R$74,3,FALSE)))),0) -> 14757.6 | AT10: =IF($AB10="","",IF(OR($AB10="Hydrofluorocarbons(HFCs)",$AB10="ETC"),$AR10*VLOOKUP($J10,'[1]5-4. Calorific&Emission factor'!$B$10:$D$14,3,0)/1000,IF(VLOOKUP($AB10,'[1]5-1. Fuel Density'!$B$6:$G$19,6,0)="Use of other GHGs",$AU10/1000,(($AU10*'[1]5-4. Calorific&Emission factor'!$D$7)+($AV10*'[1]5-4. Calorific&Emission factor'!$D$8)+($AW10*'[1]5-4. Calorific&Emission factor'!$D$9))/1000))) -> 0.9320059 | AU10: =IF($AB10="","",IF(VLOOKUP($AB10,'[1]5-1. Fuel Density'!$B$6:$G$19,6,0)="Use of other GHGs",$AR10*VLOOKUP($AB10,'[1]5-4. Calorific&Emission factor'!$O$9:$Y$74,5,FALSE)/1000000,$AS10*VLOOKUP($AB10,'[1]5-4. Calorific&Emission factor'!$P$9:$Y$74,4,FALSE)/1000000)) -> 931.20456 | AV10: =IF($AB10="","",IF(VLOOKUP($AB10,'[1]5-1. Fuel Density'!$B$6:$G$19,6,0)="Use of other GHGs",0,$AS10*VLOOKUP($AB10,'[1]5-4. Calorific&Emission factor'!$P$9:$Y$74,6,FALSE)/1000000)) -> 0.0147576 | AW10: =IF($AB10="","",IF(VLOOKUP($AB10,'[1]5-1. Fuel Density'!$B$6:$G$19,6,0)="Use of other GHGs",0,$AS10*VLOOKUP($AB10,'[1]5-4. Calorific&Emission factor'!$P$9:$Y$74,9,FALSE)/1000000)) -> 0.00147576
B11: 6 | C11: PT. YONGJIN JAVASUKA GARMENT | D11: PT. YONGJIN JAVASUKA GARMENT (1공장) | E11: Mess | F11: Fuel | G11: Stationary combustion | I11: Liquefied Petroleum Gas (LPG) | J11: LPG 12 KG | K11: 902.03 | L11: 72 | M11: 72 | N11: 72 | O11: 84 | P11: 72 | Q11: 85.15 | R11: 74.3 | S11: 86.3 | T11: 73.84 | U11: 74.3 | V11: 73.84 | W11: 62.3 | X11: kg | Y11: 2022 | Z11: =VLOOKUP($E11,'[1]5-2. Emission Facility'!$B$7:$D$16,2,0) -> Mess | AA11: =VLOOKUP($Z11,'[1]5-2. Emission Facility'!$C$7:$D$16,2,0) -> Others | AB11: =IF($C11="","",IF(VLOOKUP($C11,'[1]1. General Facility Information'!$C$7:$E$13,3,0)="Korea",'Scope 1'!$I11,INDEX('[1]5-1. Fuel Density'!$B$6:$B$18,MATCH('Scope 1'!$I11,'[1]5-1. Fuel Density'!$C$6:$C$18,0)))) -> Liquefied Petroleum Gas (LPG) | AC11: =IF(OR($X11="㎥",$X11="kg"),$L11,"") -> 72 | AD11: =IF(OR($X11="㎥",$X11="kg"),M11,"") -> 72 | AE11: =IF(OR($X11="㎥",$X11="kg"),N11,"") -> 72 | AF11: =IF(OR($X11="㎥",$X11="kg"),O11,"") -> 84 | AG11: =IF(OR($X11="㎥",$X11="kg"),P11,"") -> 72 | AH11: =IF(OR($X11="㎥",$X11="kg"),Q11,"") -> 85.15 | AI11: =IF(OR($X11="㎥",$X11="kg"),R11,"") -> 74.3 | AJ11: =IF(OR($X11="㎥",$X11="kg"),S11,"") -> 86.3 | AK11: =IF(OR($X11="㎥",$X11="kg"),T11,"") -> 73.84 | ... AN11: =IF(OR($X11="㎥",$X11="kg"),W11,"") -> 62.3 | AO11: =IF(SUM(AC11:AN11)-AP11=0,"","X") | AP11: =IF(OR($X11="㎥",$X11="kg"),$K11,"") -> 902.03 | AQ11: =IF(OR($X11="㎥",$X11="kg"),$X11,"") -> kg | AR11: =IF($C11="","",$AP11*IF($AQ11="㎥",VLOOKUP('Scope 1'!AQ11,'[1]5-3. Unit Conversion'!$B$5:$J$13,3,FALSE)*VLOOKUP('Scope 1'!AB11,'[1]5-1. Fuel Density'!$B$6:$D$18,3,FALSE)*1000,IF($AQ11="kg",VLOOKUP('Scope 1'!AQ11,'[1]5-3. Unit Conversion'!$B$16:$G$21,3,FALSE),0))) -> 902.03 | AS11: =IFERROR(IF($AB11="","",IF(VLOOKUP($AB11,'[1]5-1. Fuel Density'!$B$6:$G$19,6,0)="Use of other GHGs",0,IF($AB11="Industrial Wastes",$AR11*'[1]5-4. Calorific&Emission factor'!$R$75,$AR11*VLOOKUP($AB11,'[1]5-4. Calorific&Emission factor'!$P$9:$R$74,3,FALSE)))),0) -> 42666.019 | AT11: =IF($AB11="","",IF(OR($AB11="Hydrofluorocarbons(HFCs)",$AB11="ETC"),$AR11*VLOOKUP($J11,'[1]5-4. Calorific&Emission factor'!$B$10:$D$14,3,0)/1000,IF(VLOOKUP($AB11,'[1]5-1. Fuel Density'!$B$6:$G$19,6,0)="Use of other GHGs",$AU11/1000,(($AU11*'[1]5-4. Calorific&Emission factor'!$D$7)+($AV11*'[1]5-4. Calorific&Emission factor'!$D$8)+($AW11*'[1]5-4. Calorific&Emission factor'!$D$9))/1000))) -> 2.6945426 | AU11: =IF($AB11="","",IF(VLOOKUP($AB11,'[1]5-1. Fuel Density'!$B$6:$G$19,6,0)="Use of other GHGs",$AR11*VLOOKUP($AB11,'[1]5-4. Calorific&Emission factor'!$O$9:$Y$74,5,FALSE)/1000000,$AS11*VLOOKUP($AB11,'[1]5-4. Calorific&Emission factor'!$P$9:$Y$74,4,FALSE)/1000000)) -> 2692.2258 | AV11: =IF($AB11="","",IF(VLOOKUP($AB11,'[1]5-1. Fuel Density'!$B$6:$G$19,6,0)="Use of other GHGs",0,$AS11*VLOOKUP($AB11,'[1]5-4. Calorific&Emission factor'!$P$9:$Y$74,6,FALSE)/1000000)) -> 0.042666019 | AW11: =IF($AB11="","",IF(VLOOKUP($AB11,'[1]5-1. Fuel Density'!$B$6:$G$19,6,0)="Use of other GHGs",0,$AS11*VLOOKUP($AB11,'[1]5-4. Calorific&Emission factor'!$P$9:$Y$74,9,FALSE)/1000000)) -> 0.0042666019
B12: 7 | C12: PT. YONGJIN JAVASUKA GARMENT | D12: PT. YONGJIN JAVASUKA GARMENT (1공장) | E12: Generator | F12: Fuel | G12: Stationary combustion | I12: Gas / Diesel oil | J12: SOLAR | K12: 1.65 | L12: 0.1 | M12: 0.1 | N12: 0.15 | O12: 0.2 | P12: 0.1 | Q12: 0.1 | R12: 0.1 | S12: 0.1 | T12: 0.2 | U12: 0.05 | V12: 0.05 | W12: 0.4 | X12: ㎥ | Y12: 2022 | Z12: =VLOOKUP($E12,'[1]5-2. Emission Facility'!$B$7:$D$16,2,0) -> Generator | AA12: =VLOOKUP($Z12,'[1]5-2. Emission Facility'!$C$7:$D$16,2,0) -> Stationary Combustion | AB12: =IF($C12="","",IF(VLOOKUP($C12,'[1]1. General Facility Information'!$C$7:$E$13,3,0)="Korea",'Scope 1'!$I12,INDEX('[1]5-1. Fuel Density'!$B$6:$B$18,MATCH('Scope 1'!$I12,'[1]5-1. Fuel Density'!$C$6:$C$18,0)))) -> Gas / Diesel oil | AC12: =IF(OR($X12="㎥",$X12="kg"),$L12,"") -> 0.1 | AD12: =IF(OR($X12="㎥",$X12="kg"),M12,"") -> 0.1 | AE12: =IF(OR($X12="㎥",$X12="kg"),N12,"") -> 0.15 | AF12: =IF(OR($X12="㎥",$X12="kg"),O12,"") -> 0.2 | AG12: =IF(OR($X12="㎥",$X12="kg"),P12,"") -> 0.1 | AH12: =IF(OR($X12="㎥",$X12="kg"),Q12,"") -> 0.1 | AI12: =IF(OR($X12="㎥",$X12="kg"),R12,"") -> 0.1 | AJ12: =IF(OR($X12="㎥",$X12="kg"),S12,"") -> 0.1 | AK12: =IF(OR($X12="㎥",$X12="kg"),T12,"") -> 0.2 | ... AN12: =IF(OR($X12="㎥",$X12="kg"),W12,"") -> 0.4 | AO12: =IF(SUM(AC12:AN12)-AP12=0,"","X") | AP12: =IF(OR($X12="㎥",$X12="kg"),$K12,"") -> 1.65 | AQ12: =IF(OR($X12="㎥",$X12="kg"),$X12,"") -> ㎥ | AR12: =IF($C12="","",$AP12*IF($AQ12="㎥",VLOOKUP('Scope 1'!AQ12,'[1]5-3. Unit Conversion'!$B$5:$J$13,3,FALSE)*VLOOKUP('Scope 1'!AB12,'[1]5-1. Fuel Density'!$B$6:$D$18,3,FALSE)*1000,IF($AQ12="kg",VLOOKUP('Scope 1'!AQ12,'[1]5-3. Unit Conversion'!$B$16:$G$21,3,FALSE),0))) -> 1392.6 | AS12: =IFERROR(IF($AB12="","",IF(VLOOKUP($AB12,'[1]5-1. Fuel Density'!$B$6:$G$19,6,0)="Use of other GHGs",0,IF($AB12="Industrial Wastes",$AR12*'[1]5-4. Calorific&Emission factor'!$R$75,$AR12*VLOOKUP($AB12,'[1]5-4. Calorific&Emission factor'!$P$9:$R$74,3,FALSE)))),0) -> 59881.8 | AT12: =IF($AB12="","",IF(OR($AB12="Hydrofluorocarbons(HFCs)",$AB12="ETC"),$AR12*VLOOKUP($J12,'[1]5-4. Calorific&Emission factor'!$B$10:$D$14,3,0)/1000,IF(VLOOKUP($AB12,'[1]5-1. Fuel Density'!$B$6:$G$19,6,0)="Use of other GHGs",$AU12/1000,(($AU12*'[1]5-4. Calorific&Emission factor'!$D$7)+($AV12*'[1]5-4. Calorific&Emission factor'!$D$8)+($AW12*'[1]5-4. Calorific&Emission factor'!$D$9))/1000))) -> 4.4519004 | AU12: =IF($AB12="","",IF(VLOOKUP($AB12,'[1]5-1. Fuel Density'!$B$6:$G$19,6,0)="Use of other GHGs",$AR12*VLOOKUP($AB12,'[1]5-4. Calorific&Emission factor'!$O$9:$Y$74,5,FALSE)/1000000,$AS12*VLOOKUP($AB12,'[1]5-4. Calorific&Emission factor'!$P$9:$Y$74,4,FALSE)/1000000)) -> 4437.2414 | AV12: =IF($AB12="","",IF(VLOOKUP($AB12,'[1]5-1. Fuel Density'!$B$6:$G$19,6,0)="Use of other GHGs",0,$AS12*VLOOKUP($AB12,'[1]5-4. Calorific&Emission factor'!$P$9:$Y$74,6,FALSE)/1000000)) -> 0.1796454 | AW12: =IF($AB12="","",IF(VLOOKUP($AB12,'[1]5-1. Fuel Density'!$B$6:$G$19,6,0)="Use of other GHGs",0,$AS12*VLOOKUP($AB12,'[1]5-4. Calorific&Emission factor'!$P$9:$Y$74,9,FALSE)/1000000)) -> 0.03592908
B13: 8 | C13: PT. YONGJIN JAVASUKA GARMENT | D13: PT. YONGJIN JAVASUKA GARMENT (1공장) | E13: Boiler | F13: Fuel | G13: Stationary combustion | I13: Industrial Wastes | J13: FABRIC WASTE FROM CUTTING | K13: 364650 | L13: 40450 | M13: 36650 | N13: 29700 | O13: 28350 | P13: 21600 | Q13: 29700 | R13: 28350 | S13: 31050 | T13: 31050 | U13: 28350 | V13: 29700 | W13: 29700 | X13: kg | Y13: 2022 | Z13: =VLOOKUP($E13,'[1]5-2. Emission Facility'!$B$7:$D$16,2,0) -> Boiler | AA13: =VLOOKUP($Z13,'[1]5-2. Emission Facility'!$C$7:$D$16,2,0) -> Stationary Combustion | AB13: =IF($C13="","",IF(VLOOKUP($C13,'[1]1. General Facility Information'!$C$7:$E$13,3,0)="Korea",'Scope 1'!$I13,INDEX('[1]5-1. Fuel Density'!$B$6:$B$18,MATCH('Scope 1'!$I13,'[1]5-1. Fuel Density'!$C$6:$C$18,0)))) -> Industrial Wastes | AC13: =IF(OR($X13="㎥",$X13="kg"),$L13,"") -> 40450 | AD13: =IF(OR($X13="㎥",$X13="kg"),M13,"") -> 36650 | AE13: =IF(OR($X13="㎥",$X13="kg"),N13,"") -> 29700 | AF13: =IF(OR($X13="㎥",$X13="kg"),O13,"") -> 28350 | AG13: =IF(OR($X13="㎥",$X13="kg"),P13,"") -> 21600 | AH13: =IF(OR($X13="㎥",$X13="kg"),Q13,"") -> 29700 | AI13: =IF(OR($X13="㎥",$X13="kg"),R13,"") -> 28350 | AJ13: =IF(OR($X13="㎥",$X13="kg"),S13,"") -> 31050 | AK13: =IF(OR($X13="㎥",$X13="kg"),T13,"") -> 31050 | ... AN13: =IF(OR($X13="㎥",$X13="kg"),W13,"") -> 29700 | AO13: =IF(SUM(AC13:AN13)-AP13=0,"","X") | AP13: =IF(OR($X13="㎥",$X13="kg"),$K13,"") -> 364650 | AQ13: =IF(OR($X13="㎥",$X13="kg"),$X13,"") -> kg | AR13: =IF($C13="","",$AP13*IF($AQ13="㎥",VLOOKUP('Scope 1'!AQ13,'[1]5-3. Unit Conversion'!$B$5:$J$13,3,FALSE)*VLOOKUP('Scope 1'!AB13,'[1]5-1. Fuel Density'!$B$6:$D$18,3,FALSE)*1000,IF($AQ13="kg",VLOOKUP('Scope 1'!AQ13,'[1]5-3. Unit Conversion'!$B$16:$G$21,3,FALSE),0))) -> 364650 | AS13: =IFERROR(IF($AB13="","",IF(VLOOKUP($AB13,'[1]5-1. Fuel Density'!$B$6:$G$19,6,0)="Use of other GHGs",0,IF($AB13="Industrial Wastes",$AR13*'[1]5-4. Calorific&Emission factor'!$R$75,$AR13*VLOOKUP($AB13,'[1]5-4. Calorific&Emission factor'!$P$9:$R$74,3,FALSE)))),0) -> 7933622.8 | AT13: =IF($AB13="","",IF(OR($AB13="Hydrofluorocarbons(HFCs)",$AB13="ETC"),$AR13*VLOOKUP($J13,'[1]5-4. Calorific&Emission factor'!$B$10:$D$14,3,0)/1000,IF(VLOOKUP($AB13,'[1]5-1. Fuel Density'!$B$6:$G$19,6,0)="Use of other GHGs",$AU13/1000,(($AU13*'[1]5-4. Calorific&Emission factor'!$D$7)+($AV13*'[1]5-4. Calorific&Emission factor'!$D$8)+($AW13*'[1]5-4. Calorific&Emission factor'!$D$9))/1000))) -> 1149.5978 | AU13: =IF($AB13="","",IF(VLOOKUP($AB13,'[1]5-1. Fuel Density'!$B$6:$G$19,6,0)="Use of other GHGs",$AR13*VLOOKUP($AB13,'[1]5-4. Calorific&Emission factor'!$O$9:$Y$74,5,FALSE)/1000000,$AS13*VLOOKUP($AB13,'[1]5-4. Calorific&Emission factor'!$P$9:$Y$74,4,FALSE)/1000000)) -> 1134508.1 | AV13: =IF($AB13="","",IF(VLOOKUP($AB13,'[1]5-1. Fuel Density'!$B$6:$G$19,6,0)="Use of other GHGs",0,$AS13*VLOOKUP($AB13,'[1]5-4. Calorific&Emission factor'!$P$9:$Y$74,6,FALSE)/1000000)) -> 238.00868 | AW13: =IF($AB13="","",IF(VLOOKUP($AB13,'[1]5-1. Fuel Density'!$B$6:$G$19,6,0)="Use of other GHGs",0,$AS13*VLOOKUP($AB13,'[1]5-4. Calorific&Emission factor'!$P$9:$Y$74,9,FALSE)/1000000)) -> 31.734491
B14: 9 | C14: PT. YONGJIN JAVASUKA GARMENT | D14: PT. YONGJIN JAVASUKA GARMENT (1공장) | E14: AC | F14: RawMaterial | G14: Others | I14: Hydrofluorocarbons(HFCs) | J14: HFC-410A | K14: 33.9 | P14: 11.3 | T14: 11.3 | V14: 11.3 | X14: kg | Y14: 2022 | Z14: =VLOOKUP($E14,'[1]5-2. Emission Facility'!$B$7:$D$16,2,0) -> AC | AA14: =VLOOKUP($Z14,'[1]5-2. Emission Facility'!$C$7:$D$16,2,0) -> Process Emissions | AB14: =IF($C14="","",IF(VLOOKUP($C14,'[1]1. General Facility Information'!$C$7:$E$13,3,0)="Korea",'Scope 1'!$I14,INDEX('[1]5-1. Fuel Density'!$B$6:$B$18,MATCH('Scope 1'!$I14,'[1]5-1. Fuel Density'!$C$6:$C$18,0)))) -> Hydrofluorocarbons(HFCs) | AC14: =IF(OR($X14="㎥",$X14="kg"),$L14,"") -> 0 | AD14: =IF(OR($X14="㎥",$X14="kg"),M14,"") -> 0 | AE14: =IF(OR($X14="㎥",$X14="kg"),N14,"") -> 0 | AF14: =IF(OR($X14="㎥",$X14="kg"),O14,"") -> 0 | AG14: =IF(OR($X14="㎥",$X14="kg"),P14,"") -> 11.3 | AH14: =IF(OR($X14="㎥",$X14="kg"),Q14,"") -> 0 | AI14: =IF(OR($X14="㎥",$X14="kg"),R14,"") -> 0 | AJ14: =IF(OR($X14="㎥",$X14="kg"),S14,"") -> 0 | AK14: =IF(OR($X14="㎥",$X14="kg"),T14,"") -> 11.3 | ... AN14: =IF(OR($X14="㎥",$X14="kg"),W14,"") -> 0 | AO14: =IF(SUM(AC14:AN14)-AP14=0,"","X") | AP14: =IF(OR($X14="㎥",$X14="kg"),$K14,"") -> 33.9 | AQ14: =IF(OR($X14="㎥",$X14="kg"),$X14,"") -> kg | AR14: =IF($C14="","",$AP14*IF($AQ14="㎥",VLOOKUP('Scope 1'!AQ14,'[1]5-3. Unit Conversion'!$B$5:$J$13,3,FALSE)*VLOOKUP('Scope 1'!AB14,'[1]5-1. Fuel Density'!$B$6:$D$18,3,FALSE)*1000,IF($AQ14="kg",VLOOKUP('Scope 1'!AQ14,'[1]5-3. Unit Conversion'!$B$16:$G$21,3,FALSE),0))) -> 33.9 | AS14: =IFERROR(IF($AB14="","",IF(VLOOKUP($AB14,'[1]5-1. Fuel Density'!$B$6:$G$19,6,0)="Use of other GHGs",0,IF($AB14="Industrial Wastes",$AR14*'[1]5-4. Calorific&Emission factor'!$R$75,$AR14*VLOOKUP($AB14,'[1]5-4. Calorific&Emission factor'!$P$9:$R$74,3,FALSE)))),0) -> 0 | AT14: =IF($AB14="","",IF(OR($AB14="Hydrofluorocarbons(HFCs)",$AB14="ETC"),$AR14*VLOOKUP($J14,'[1]5-4. Calorific&Emission factor'!$B$10:$D$14,3,0)/1000,IF(VLOOKUP($AB14,'[1]5-1. Fuel Density'!$B$6:$G$19,6,0)="Use of other GHGs",$AU14/1000,(($AU14*'[1]5-4. Calorific&Emission factor'!$D$7)+($AV14*'[1]5-4. Calorific&Emission factor'!$D$8)+($AW14*'[1]5-4. Calorific&Emission factor'!$D$9))/1000))) -> 76.46145 | AU14: =IF($AB14="","",IF(VLOOKUP($AB14,'[1]5-1. Fuel Density'!$B$6:$G$19,6,0)="Use of other GHGs",$AR14*VLOOKUP($AB14,'[1]5-4. Calorific&Emission factor'!$O$9:$Y$74,5,FALSE)/1000000,$AS14*VLOOKUP($AB14,'[1]5-4. Calorific&Emission factor'!$P$9:$Y$74,4,FALSE)/1000000)) -> 0 | AV14: =IF($AB14="","",IF(VLOOKUP($AB14,'[1]5-1. Fuel Density'!$B$6:$G$19,6,0)="Use of other GHGs",0,$AS14*VLOOKUP($AB14,'[1]5-4. Calorific&Emission factor'!$P$9:$Y$74,6,FALSE)/1000000)) -> 0 | AW14: =IF($AB14="","",IF(VLOOKUP($AB14,'[1]5-1. Fuel Density'!$B$6:$G$19,6,0)="Use of other GHGs",0,$AS14*VLOOKUP($AB14,'[1]5-4. Calorific&Emission factor'!$P$9:$Y$74,9,FALSE)/1000000)) -> 0
B15: 10 | C15: PT. YONGJIN JAVASUKA GARMENT | D15: PT. YONGJIN JAVASUKA GARMENT (1공장) | E15: AC | F15: RawMaterial | G15: Others | I15: ETC | J15: HCFC-22 | K15: 40.8 | S15: 13.6 | V15: 27.2 | X15: kg | Y15: 2022 | Z15: =VLOOKUP($E15,'[1]5-2. Emission Facility'!$B$7:$D$16,2,0) -> AC | AA15: =VLOOKUP($Z15,'[1]5-2. Emission Facility'!$C$7:$D$16,2,0) -> Process Emissions | AB15: =IF($C15="","",IF(VLOOKUP($C15,'[1]1. General Facility Information'!$C$7:$E$13,3,0)="Korea",'Scope 1'!$I15,INDEX('[1]5-1. Fuel Density'!$B$6:$B$18,MATCH('Scope 1'!$I15,'[1]5-1. Fuel Density'!$C$6:$C$18,0)))) -> Hydrofluorocarbons(HFCs) | AC15: =IF(OR($X15="㎥",$X15="kg"),$L15,"") -> 0 | AD15: =IF(OR($X15="㎥",$X15="kg"),M15,"") -> 0 | AE15: =IF(OR($X15="㎥",$X15="kg"),N15,"") -> 0 | AF15: =IF(OR($X15="㎥",$X15="kg"),O15,"") -> 0 | AG15: =IF(OR($X15="㎥",$X15="kg"),P15,"") -> 0 | AH15: =IF(OR($X15="㎥",$X15="kg"),Q15,"") -> 0 | AI15: =IF(OR($X15="㎥",$X15="kg"),R15,"") -> 0 | AJ15: =IF(OR($X15="㎥",$X15="kg"),S15,"") -> 13.6 | AK15: =IF(OR($X15="㎥",$X15="kg"),T15,"") -> 0 | ... AN15: =IF(OR($X15="㎥",$X15="kg"),W15,"") -> 0 | AO15: =IF(SUM(AC15:AN15)-AP15=0,"","X") | AP15: =IF(OR($X15="㎥",$X15="kg"),$K15,"") -> 40.8 | AQ15: =IF(OR($X15="㎥",$X15="kg"),$X15,"") -> kg | AR15: =IF($C15="","",$AP15*IF($AQ15="㎥",VLOOKUP('Scope 1'!AQ15,'[1]5-3. Unit Conversion'!$B$5:$J$13,3,FALSE)*VLOOKUP('Scope 1'!AB15,'[1]5-1. Fuel Density'!$B$6:$D$18,3,FALSE)*1000,IF($AQ15="kg",VLOOKUP('Scope 1'!AQ15,'[1]5-3. Unit Conversion'!$B$16:$G$21,3,FALSE),0))) -> 40.8 | AS15: =IFERROR(IF($AB15="","",IF(VLOOKUP($AB15,'[1]5-1. Fuel Density'!$B$6:$G$19,6,0)="Use of other GHGs",0,IF($AB15="Industrial Wastes",$AR15*'[1]5-4. Calorific&Emission factor'!$R$75,$AR15*VLOOKUP($AB15,'[1]5-4. Calorific&Emission factor'!$P$9:$R$74,3,FALSE)))),0) -> 0 | AT15: =IF($AB15="","",IF(OR($AB15="Hydrofluorocarbons(HFCs)",$AB15="ETC"),$AR15*VLOOKUP($J15,'[1]5-4. Calorific&Emission factor'!$B$10:$D$14,3,0)/1000,IF(VLOOKUP($AB15,'[1]5-1. Fuel Density'!$B$6:$G$19,6,0)="Use of other GHGs",$AU15/1000,(($AU15*'[1]5-4. Calorific&Emission factor'!$D$7)+($AV15*'[1]5-4. Calorific&Emission factor'!$D$8)+($AW15*'[1]5-4. Calorific&Emission factor'!$D$9))/1000))) -> 79.968 | AU15: =IF($AB15="","",IF(VLOOKUP($AB15,'[1]5-1. Fuel Density'!$B$6:$G$19,6,0)="Use of other GHGs",$AR15*VLOOKUP($AB15,'[1]5-4. Calorific&Emission factor'!$O$9:$Y$74,5,FALSE)/1000000,$AS15*VLOOKUP($AB15,'[1]5-4. Calorific&Emission factor'!$P$9:$Y$74,4,FALSE)/1000000)) -> 0 | AV15: =IF($AB15="","",IF(VLOOKUP($AB15,'[1]5-1. Fuel Density'!$B$6:$G$19,6,0)="Use of other GHGs",0,$AS15*VLOOKUP($AB15,'[1]5-4. Calorific&Emission factor'!$P$9:$Y$74,6,FALSE)/1000000)) -> 0 | AW15: =IF($AB15="","",IF(VLOOKUP($AB15,'[1]5-1. Fuel Density'!$B$6:$G$19,6,0)="Use of other GHGs",0,$AS15*VLOOKUP($AB15,'[1]5-4. Calorific&Emission factor'!$P$9:$Y$74,9,FALSE)/1000000)) -> 0
B16: 11 | C16: PT. YONGJIN JAVASUKA GARMENT | D16: PT. YONGJIN JAVASUKA GARMENT (1공장) | E16: Car | F16: Fuel | G16: Mobile combustion | I16: Automotive gasoline/diesel oil | J16: DIESEL OIL | K16: 49.929249 | L16: 5.46506 | M16: 4.499161 | N16: 5.1348 | O16: 5.58748 | P16: 5.0319 | Q16: 5.3198 | R16: 5.954588 | S16: 5.77436 | T16: 1.9721 | U16: 1.715 | V16: 1.657 | W16: 1.818 | X16: ㎥ | Y16: 2022 | Z16: =VLOOKUP($E16,'[1]5-2. Emission Facility'!$B$7:$D$16,2,0) -> Vehicle | AA16: =VLOOKUP($Z16,'[1]5-2. Emission Facility'!$C$7:$D$16,2,0) -> Mobile combustion | AB16: =IF($C16="","",IF(VLOOKUP($C16,'[1]1. General Facility Information'!$C$7:$E$13,3,0)="Korea",'Scope 1'!$I16,INDEX('[1]5-1. Fuel Density'!$B$6:$B$18,MATCH('Scope 1'!$I16,'[1]5-1. Fuel Density'!$C$6:$C$18,0)))) -> Automotive gasoline (petrol) | AC16: =IF(OR($X16="㎥",$X16="kg"),$L16,"") -> 5.46506 | AD16: =IF(OR($X16="㎥",$X16="kg"),M16,"") -> 4.499161 | AE16: =IF(OR($X16="㎥",$X16="kg"),N16,"") -> 5.1348 | AF16: =IF(OR($X16="㎥",$X16="kg"),O16,"") -> 5.58748 | AG16: =IF(OR($X16="㎥",$X16="kg"),P16,"") -> 5.0319 | AH16: =IF(OR($X16="㎥",$X16="kg"),Q16,"") -> 5.3198 | AI16: =IF(OR($X16="㎥",$X16="kg"),R16,"") -> 5.954588 | AJ16: =IF(OR($X16="㎥",$X16="kg"),S16,"") -> 5.77436 | AK16: =IF(OR($X16="㎥",$X16="kg"),T16,"") -> 1.9721 | ... AN16: =IF(OR($X16="㎥",$X16="kg"),W16,"") -> 1.818 | AO16: =IF(SUM(AC16:AN16)-AP16=0,"","X") | AP16: =IF(OR($X16="㎥",$X16="kg"),$K16,"") -> 49.929249 | AQ16: =IF(OR($X16="㎥",$X16="kg"),$X16,"") -> ㎥ | AR16: =IF($C16="","",$AP16*IF($AQ16="㎥",VLOOKUP('Scope 1'!AQ16,'[1]5-3. Unit Conversion'!$B$5:$J$13,3,FALSE)*VLOOKUP('Scope 1'!AB16,'[1]5-1. Fuel Density'!$B$6:$D$18,3,FALSE)*1000,IF($AQ16="kg",VLOOKUP('Scope 1'!AQ16,'[1]5-3. Unit Conversion'!$B$16:$G$21,3,FALSE),0))) -> 36997.574 | AS16: =IFERROR(IF($AB16="","",IF(VLOOKUP($AB16,'[1]5-1. Fuel Density'!$B$6:$G$19,6,0)="Use of other GHGs",0,IF($AB16="Industrial Wastes",$AR16*'[1]5-4. Calorific&Emission factor'!$R$75,$AR16*VLOOKUP($AB16,'[1]5-4. Calorific&Emission factor'!$P$9:$R$74,3,FALSE)))),0) -> 1638992.5 | AT16: =IF($AB16="","",IF(OR($AB16="Hydrofluorocarbons(HFCs)",$AB16="ETC"),$AR16*VLOOKUP($J16,'[1]5-4. Calorific&Emission factor'!$B$10:$D$14,3,0)/1000,IF(VLOOKUP($AB16,'[1]5-1. Fuel Density'!$B$6:$G$19,6,0)="Use of other GHGs",$AU16/1000,(($AU16*'[1]5-4. Calorific&Emission factor'!$D$7)+($AV16*'[1]5-4. Calorific&Emission factor'!$D$8)+($AW16*'[1]5-4. Calorific&Emission factor'!$D$9))/1000))) -> 113.98341 | AU16: =IF($AB16="","",IF(VLOOKUP($AB16,'[1]5-1. Fuel Density'!$B$6:$G$19,6,0)="Use of other GHGs",$AR16*VLOOKUP($AB16,'[1]5-4. Calorific&Emission factor'!$O$9:$Y$74,5,FALSE)/1000000,$AS16*VLOOKUP($AB16,'[1]5-4. Calorific&Emission factor'!$P$9:$Y$74,4,FALSE)/1000000)) -> 113582.18 | AV16: =IF($AB16="","",IF(VLOOKUP($AB16,'[1]5-1. Fuel Density'!$B$6:$G$19,6,0)="Use of other GHGs",0,$AS16*VLOOKUP($AB16,'[1]5-4. Calorific&Emission factor'!$P$9:$Y$74,6,FALSE)/1000000)) -> 4.9169775 | AW16: =IF($AB16="","",IF(VLOOKUP($AB16,'[1]5-1. Fuel Density'!$B$6:$G$19,6,0)="Use of other GHGs",0,$AS16*VLOOKUP($AB16,'[1]5-4. Calorific&Emission factor'!$P$9:$Y$74,9,FALSE)/1000000)) -> 0.9833955
B17: 12 | C17: PT. YONGJIN JAVASUKA GARMENT | D17: PT. YONGJIN JAVASUKA GARMENT (1공장) | E17: Car | F17: Fuel | G17: Mobile combustion | I17: Automotive gasoline/diesel oil | J17: GASOLINE | K17: 22.31647 | L17: 0.037 | R17: 0.544 | S17: 0.723 | T17: 4.67024 | U17: 6.3399 | V17: 4.91562 | W17: 5.08671 | X17: ㎥ | Y17: 2022 | Z17: =VLOOKUP($E17,'[1]5-2. Emission Facility'!$B$7:$D$16,2,0) -> Vehicle | AA17: =VLOOKUP($Z17,'[1]5-2. Emission Facility'!$C$7:$D$16,2,0) -> Mobile combustion | AB17: =IF($C17="","",IF(VLOOKUP($C17,'[1]1. General Facility Information'!$C$7:$E$13,3,0)="Korea",'Scope 1'!$I17,INDEX('[1]5-1. Fuel Density'!$B$6:$B$18,MATCH('Scope 1'!$I17,'[1]5-1. Fuel Density'!$C$6:$C$18,0)))) -> Automotive gasoline (petrol) | AC17: =IF(OR($X17="㎥",$X17="kg"),$L17,"") -> 0.037 | AD17: =IF(OR($X17="㎥",$X17="kg"),M17,"") -> 0 | AE17: =IF(OR($X17="㎥",$X17="kg"),N17,"") -> 0 | AF17: =IF(OR($X17="㎥",$X17="kg"),O17,"") -> 0 | AG17: =IF(OR($X17="㎥",$X17="kg"),P17,"") -> 0 | AH17: =IF(OR($X17="㎥",$X17="kg"),Q17,"") -> 0 | AI17: =IF(OR($X17="㎥",$X17="kg"),R17,"") -> 0.544 | AJ17: =IF(OR($X17="㎥",$X17="kg"),S17,"") -> 0.723 | AK17: =IF(OR($X17="㎥",$X17="kg"),T17,"") -> 4.67024 | ... AN17: =IF(OR($X17="㎥",$X17="kg"),W17,"") -> 5.08671 | AO17: =IF(SUM(AC17:AN17)-AP17=0,"","X") | AP17: =IF(OR($X17="㎥",$X17="kg"),$K17,"") -> 22.31647 | AQ17: =IF(OR($X17="㎥",$X17="kg"),$X17,"") -> ㎥ | AR17: =IF($C17="","",$AP17*IF($AQ17="㎥",VLOOKUP('Scope 1'!AQ17,'[1]5-3. Unit Conversion'!$B$5:$J$13,3,FALSE)*VLOOKUP('Scope 1'!AB17,'[1]5-1. Fuel Density'!$B$6:$D$18,3,FALSE)*1000,IF($AQ17="kg",VLOOKUP('Scope 1'!AQ17,'[1]5-3. Unit Conversion'!$B$16:$G$21,3,FALSE),0))) -> 16536.504 | AS17: =IFERROR(IF($AB17="","",IF(VLOOKUP($AB17,'[1]5-1. Fuel Density'!$B$6:$G$19,6,0)="Use of other GHGs",0,IF($AB17="Industrial Wastes",$AR17*'[1]5-4. Calorific&Emission factor'!$R$75,$AR17*VLOOKUP($AB17,'[1]5-4. Calorific&Emission factor'!$P$9:$R$74,3,FALSE)))),0) -> 732567.14 | AT17: =IF($AB17="","",IF(OR($AB17="Hydrofluorocarbons(HFCs)",$AB17="ETC"),$AR17*VLOOKUP($J17,'[1]5-4. Calorific&Emission factor'!$B$10:$D$14,3,0)/1000,IF(VLOOKUP($AB17,'[1]5-1. Fuel Density'!$B$6:$G$19,6,0)="Use of other GHGs",$AU17/1000,(($AU17*'[1]5-4. Calorific&Emission factor'!$D$7)+($AV17*'[1]5-4. Calorific&Emission factor'!$D$8)+($AW17*'[1]5-4. Calorific&Emission factor'!$D$9))/1000))) -> 50.946235 | AU17: =IF($AB17="","",IF(VLOOKUP($AB17,'[1]5-1. Fuel Density'!$B$6:$G$19,6,0)="Use of other GHGs",$AR17*VLOOKUP($AB17,'[1]5-4. Calorific&Emission factor'!$O$9:$Y$74,5,FALSE)/1000000,$AS17*VLOOKUP($AB17,'[1]5-4. Calorific&Emission factor'!$P$9:$Y$74,4,FALSE)/1000000)) -> 50766.903 | AV17: =IF($AB17="","",IF(VLOOKUP($AB17,'[1]5-1. Fuel Density'!$B$6:$G$19,6,0)="Use of other GHGs",0,$AS17*VLOOKUP($AB17,'[1]5-4. Calorific&Emission factor'!$P$9:$Y$74,6,FALSE)/1000000)) -> 2.1977014 | AW17: =IF($AB17="","",IF(VLOOKUP($AB17,'[1]5-1. Fuel Density'!$B$6:$G$19,6,0)="Use of other GHGs",0,$AS17*VLOOKUP($AB17,'[1]5-4. Calorific&Emission factor'!$P$9:$Y$74,9,FALSE)/1000000)) -> 0.43954028
B18: 13 | C18: PT. YONGJIN JAVASUKA GARMENT | D18: PT. YONGJIN JAVASUKA GARMENT (2,3공장) | E18: Mess | F18: Fuel | G18: Stationary combustion | I18: Liquefied Petroleum Gas (LPG) | J18: LPG 12 KG & CAN 230 GR | K18: 1665.78 | L18: 144 | M18: 120 | N18: 144 | O18: 122.46 | P18: 122.46 | Q18: 146.96 | R18: 148.44 | S18: 148.44 | T18: 123.7 | U18: 148.44 | V18: 148.44 | W18: 148.44 | X18: kg | Y18: 2022 | Z18: =VLOOKUP($E18,'[1]5-2. Emission Facility'!$B$7:$D$16,2,0) -> Mess | AA18: =VLOOKUP($Z18,'[1]5-2. Emission Facility'!$C$7:$D$16,2,0) -> Others | AB18: =IF($C18="","",IF(VLOOKUP($C18,'[1]1. General Facility Information'!$C$7:$E$13,3,0)="Korea",'Scope 1'!$I18,INDEX('[1]5-1. Fuel Density'!$B$6:$B$18,MATCH('Scope 1'!$I18,'[1]5-1. Fuel Density'!$C$6:$C$18,0)))) -> Liquefied Petroleum Gas (LPG) | AC18: =IF(OR($X18="㎥",$X18="kg"),$L18,"") -> 144 | AD18: =IF(OR($X18="㎥",$X18="kg"),M18,"") -> 120 | AE18: =IF(OR($X18="㎥",$X18="kg"),N18,"") -> 144 | AF18: =IF(OR($X18="㎥",$X18="kg"),O18,"") -> 122.46 | AG18: =IF(OR($X18="㎥",$X18="kg"),P18,"") -> 122.46 | AH18: =IF(OR($X18="㎥",$X18="kg"),Q18,"") -> 146.96 | AI18: =IF(OR($X18="㎥",$X18="kg"),R18,"") -> 148.44 | AJ18: =IF(OR($X18="㎥",$X18="kg"),S18,"") -> 148.44 | AK18: =IF(OR($X18="㎥",$X18="kg"),T18,"") -> 123.7 | ... AN18: =IF(OR($X18="㎥",$X18="kg"),W18,"") -> 148.44 | AO18: =IF(SUM(AC18:AN18)-AP18=0,"","X") | AP18: =IF(OR($X18="㎥",$X18="kg"),$K18,"") -> 1665.78 | AQ18: =IF(OR($X18="㎥",$X18="kg"),$X18,"") -> kg | AR18: =IF($C18="","",$AP18*IF($AQ18="㎥",VLOOKUP('Scope 1'!AQ18,'[1]5-3. Unit Conversion'!$B$5:$J$13,3,FALSE)*VLOOKUP('Scope 1'!AB18,'[1]5-1. Fuel Density'!$B$6:$D$18,3,FALSE)*1000,IF($AQ18="kg",VLOOKUP('Scope 1'!AQ18,'[1]5-3. Unit Conversion'!$B$16:$G$21,3,FALSE),0))) -> 1665.78 | AS18: =IFERROR(IF($AB18="","",IF(VLOOKUP($AB18,'[1]5-1. Fuel Density'!$B$6:$G$19,6,0)="Use of other GHGs",0,IF($AB18="Industrial Wastes",$AR18*'[1]5-4. Calorific&Emission factor'!$R$75,$AR18*VLOOKUP($AB18,'[1]5-4. Calorific&Emission factor'!$P$9:$R$74,3,FALSE)))),0) -> 78791.394 | AT18: =IF($AB18="","",IF(OR($AB18="Hydrofluorocarbons(HFCs)",$AB18="ETC"),$AR18*VLOOKUP($J18,'[1]5-4. Calorific&Emission factor'!$B$10:$D$14,3,0)/1000,IF(VLOOKUP($AB18,'[1]5-1. Fuel Density'!$B$6:$G$19,6,0)="Use of other GHGs",$AU18/1000,(($AU18*'[1]5-4. Calorific&Emission factor'!$D$7)+($AV18*'[1]5-4. Calorific&Emission factor'!$D$8)+($AW18*'[1]5-4. Calorific&Emission factor'!$D$9))/1000))) -> 4.9760153 | AU18: =IF($AB18="","",IF(VLOOKUP($AB18,'[1]5-1. Fuel Density'!$B$6:$G$19,6,0)="Use of other GHGs",$AR18*VLOOKUP($AB18,'[1]5-4. Calorific&Emission factor'!$O$9:$Y$74,5,FALSE)/1000000,$AS18*VLOOKUP($AB18,'[1]5-4. Calorific&Emission factor'!$P$9:$Y$74,4,FALSE)/1000000)) -> 4971.737 | AV18: =IF($AB18="","",IF(VLOOKUP($AB18,'[1]5-1. Fuel Density'!$B$6:$G$19,6,0)="Use of other GHGs",0,$AS18*VLOOKUP($AB18,'[1]5-4. Calorific&Emission factor'!$P$9:$Y$74,6,FALSE)/1000000)) -> 0.078791394 | AW18: =IF($AB18="","",IF(VLOOKUP($AB18,'[1]5-1. Fuel Density'!$B$6:$G$19,6,0)="Use of other GHGs",0,$AS18*VLOOKUP($AB18,'[1]5-4. Calorific&Emission factor'!$P$9:$Y$74,9,FALSE)/1000000)) -> 0.0078791394
B19: 14 | C19: PT. YONGJIN JAVASUKA GARMENT | D19: PT. YONGJIN JAVASUKA GARMENT (2,3공장) | E19: Generator | F19: Fuel | G19: Stationary combustion | I19: Gas / Diesel oil | J19: SOLAR/DIESEL OIL | K19: 17.454 | L19: 2.5 | M19: 1 | N19: 1 | O19: 1.3 | P19: 1.25 | Q19: 1 | R19: 1 | S19: 1.25 | T19: 1 | U19: 3.65 | V19: 1 | W19: 1.504 | X19: ㎥ | Y19: 2022 | Z19: =VLOOKUP($E19,'[1]5-2. Emission Facility'!$B$7:$D$16,2,0) -> Generator | AA19: =VLOOKUP($Z19,'[1]5-2. Emission Facility'!$C$7:$D$16,2,0) -> Stationary Combustion | AB19: =IF($C19="","",IF(VLOOKUP($C19,'[1]1. General Facility Information'!$C$7:$E$13,3,0)="Korea",'Scope 1'!$I19,INDEX('[1]5-1. Fuel Density'!$B$6:$B$18,MATCH('Scope 1'!$I19,'[1]5-1. Fuel Density'!$C$6:$C$18,0)))) -> Gas / Diesel oil | AC19: =IF(OR($X19="㎥",$X19="kg"),$L19,"") -> 2.5 | AD19: =IF(OR($X19="㎥",$X19="kg"),M19,"") -> 1 | AE19: =IF(OR($X19="㎥",$X19="kg"),N19,"") -> 1 | AF19: =IF(OR($X19="㎥",$X19="kg"),O19,"") -> 1.3 | AG19: =IF(OR($X19="㎥",$X19="kg"),P19,"") -> 1.25 | AH19: =IF(OR($X19="㎥",$X19="kg"),Q19,"") -> 1 | AI19: =IF(OR($X19="㎥",$X19="kg"),R19,"") -> 1 | AJ19: =IF(OR($X19="㎥",$X19="kg"),S19,"") -> 1.25 | AK19: =IF(OR($X19="㎥",$X19="kg"),T19,"") -> 1 | ... AN19: =IF(OR($X19="㎥",$X19="kg"),W19,"") -> 1.504 | AO19: =IF(SUM(AC19:AN19)-AP19=0,"","X") | AP19: =IF(OR($X19="㎥",$X19="kg"),$K19,"") -> 17.454 | AQ19: =IF(OR($X19="㎥",$X19="kg"),$X19,"") -> ㎥ | AR19: =IF($C19="","",$AP19*IF($AQ19="㎥",VLOOKUP('Scope 1'!AQ19,'[1]5-3. Unit Conversion'!$B$5:$J$13,3,FALSE)*VLOOKUP('Scope 1'!AB19,'[1]5-1. Fuel Density'!$B$6:$D$18,3,FALSE)*1000,IF($AQ19="kg",VLOOKUP('Scope 1'!AQ19,'[1]5-3. Unit Conversion'!$B$16:$G$21,3,FALSE),0))) -> 14731.176 | AS19: =IFERROR(IF($AB19="","",IF(VLOOKUP($AB19,'[1]5-1. Fuel Density'!$B$6:$G$19,6,0)="Use of other GHGs",0,IF($AB19="Industrial Wastes",$AR19*'[1]5-4. Calorific&Emission factor'!$R$75,$AR19*VLOOKUP($AB19,'[1]5-4. Calorific&Emission factor'!$P$9:$R$74,3,FALSE)))),0) -> 633440.57 | AT19: =IF($AB19="","",IF(OR($AB19="Hydrofluorocarbons(HFCs)",$AB19="ETC"),$AR19*VLOOKUP($J19,'[1]5-4. Calorific&Emission factor'!$B$10:$D$14,3,0)/1000,IF(VLOOKUP($AB19,'[1]5-1. Fuel Density'!$B$6:$G$19,6,0)="Use of other GHGs",$AU19/1000,(($AU19*'[1]5-4. Calorific&Emission factor'!$D$7)+($AV19*'[1]5-4. Calorific&Emission factor'!$D$8)+($AW19*'[1]5-4. Calorific&Emission factor'!$D$9))/1000))) -> 47.093012 | AU19: =IF($AB19="","",IF(VLOOKUP($AB19,'[1]5-1. Fuel Density'!$B$6:$G$19,6,0)="Use of other GHGs",$AR19*VLOOKUP($AB19,'[1]5-4. Calorific&Emission factor'!$O$9:$Y$74,5,FALSE)/1000000,$AS19*VLOOKUP($AB19,'[1]5-4. Calorific&Emission factor'!$P$9:$Y$74,4,FALSE)/1000000)) -> 46937.946 | AV19: =IF($AB19="","",IF(VLOOKUP($AB19,'[1]5-1. Fuel Density'!$B$6:$G$19,6,0)="Use of other GHGs",0,$AS19*VLOOKUP($AB19,'[1]5-4. Calorific&Emission factor'!$P$9:$Y$74,6,FALSE)/1000000)) -> 1.9003217 | AW19: =IF($AB19="","",IF(VLOOKUP($AB19,'[1]5-1. Fuel Density'!$B$6:$G$19,6,0)="Use of other GHGs",0,$AS19*VLOOKUP($AB19,'[1]5-4. Calorific&Emission factor'!$P$9:$Y$74,9,FALSE)/1000000)) -> 0.38006434
B20: 15 | C20: PT. YONGJIN JAVASUKA GARMENT | D20: PT. YONGJIN JAVASUKA GARMENT (2,3공장) | E20: Boiler | F20: Fuel | G20: Stationary combustion | I20: Industrial Wastes | J20: FABRIC WASTE FROM CUTTING | K20: 698000.58 | L20: 60628.782 | M20: 48182.91 | N20: 77836.808 | O20: 55660.545 | P20: 56527.931 | Q20: 76866.122 | R20: 63000.928 | S20: 45761.762 | T20: 43903.11 | U20: 53870.258 | V20: 52157.979 | W20: 63603.443 | X20: kg | Y20: 2022 | Z20: =VLOOKUP($E20,'[1]5-2. Emission Facility'!$B$7:$D$16,2,0) -> Boiler | AA20: =VLOOKUP($Z20,'[1]5-2. Emission Facility'!$C$7:$D$16,2,0) -> Stationary Combustion | AB20: =IF($C20="","",IF(VLOOKUP($C20,'[1]1. General Facility Information'!$C$7:$E$13,3,0)="Korea",'Scope 1'!$I20,INDEX('[1]5-1. Fuel Density'!$B$6:$B$18,MATCH('Scope 1'!$I20,'[1]5-1. Fuel Density'!$C$6:$C$18,0)))) -> Industrial Wastes | AC20: =IF(OR($X20="㎥",$X20="kg"),$L20,"") -> 60628.782 | AD20: =IF(OR($X20="㎥",$X20="kg"),M20,"") -> 48182.91 | AE20: =IF(OR($X20="㎥",$X20="kg"),N20,"") -> 77836.808 | AF20: =IF(OR($X20="㎥",$X20="kg"),O20,"") -> 55660.545 | AG20: =IF(OR($X20="㎥",$X20="kg"),P20,"") -> 56527.931 | AH20: =IF(OR($X20="㎥",$X20="kg"),Q20,"") -> 76866.122 | AI20: =IF(OR($X20="㎥",$X20="kg"),R20,"") -> 63000.928 | AJ20: =IF(OR($X20="㎥",$X20="kg"),S20,"") -> 45761.762 | AK20: =IF(OR($X20="㎥",$X20="kg"),T20,"") -> 43903.11 | ... AN20: =IF(OR($X20="㎥",$X20="kg"),W20,"") -> 63603.443 | AO20: =IF(SUM(AC20:AN20)-AP20=0,"","X") | AP20: =IF(OR($X20="㎥",$X20="kg"),$K20,"") -> 698000.58 | AQ20: =IF(OR($X20="㎥",$X20="kg"),$X20,"") -> kg | AR20: =IF($C20="","",$AP20*IF($AQ20="㎥",VLOOKUP('Scope 1'!AQ20,'[1]5-3. Unit Conversion'!$B$5:$J$13,3,FALSE)*VLOOKUP('Scope 1'!AB20,'[1]5-1. Fuel Density'!$B$6:$D$18,3,FALSE)*1000,IF($AQ20="kg",VLOOKUP('Scope 1'!AQ20,'[1]5-3. Unit Conversion'!$B$16:$G$21,3,FALSE),0))) -> 698000.58 | AS20: =IFERROR(IF($AB20="","",IF(VLOOKUP($AB20,'[1]5-1. Fuel Density'!$B$6:$G$19,6,0)="Use of other GHGs",0,IF($AB20="Industrial Wastes",$AR20*'[1]5-4. Calorific&Emission factor'!$R$75,$AR20*VLOOKUP($AB20,'[1]5-4. Calorific&Emission factor'!$P$9:$R$74,3,FALSE)))),0) -> 15186270 | AT20: =IF($AB20="","",IF(OR($AB20="Hydrofluorocarbons(HFCs)",$AB20="ETC"),$AR20*VLOOKUP($J20,'[1]5-4. Calorific&Emission factor'!$B$10:$D$14,3,0)/1000,IF(VLOOKUP($AB20,'[1]5-1. Fuel Density'!$B$6:$G$19,6,0)="Use of other GHGs",$AU20/1000,(($AU20*'[1]5-4. Calorific&Emission factor'!$D$7)+($AV20*'[1]5-4. Calorific&Emission factor'!$D$8)+($AW20*'[1]5-4. Calorific&Emission factor'!$D$9))/1000))) -> 2200.5209 | AU20: =IF($AB20="","",IF(VLOOKUP($AB20,'[1]5-1. Fuel Density'!$B$6:$G$19,6,0)="Use of other GHGs",$AR20*VLOOKUP($AB20,'[1]5-4. Calorific&Emission factor'!$O$9:$Y$74,5,FALSE)/1000000,$AS20*VLOOKUP($AB20,'[1]5-4. Calorific&Emission factor'!$P$9:$Y$74,4,FALSE)/1000000)) -> 2171636.6 | AV20: =IF($AB20="","",IF(VLOOKUP($AB20,'[1]5-1. Fuel Density'!$B$6:$G$19,6,0)="Use of other GHGs",0,$AS20*VLOOKUP($AB20,'[1]5-4. Calorific&Emission factor'!$P$9:$Y$74,6,FALSE)/1000000)) -> 455.58809 | AW20: =IF($AB20="","",IF(VLOOKUP($AB20,'[1]5-1. Fuel Density'!$B$6:$G$19,6,0)="Use of other GHGs",0,$AS20*VLOOKUP($AB20,'[1]5-4. Calorific&Emission factor'!$P$9:$Y$74,9,FALSE)/1000000)) -> 60.745079
B21: 16 | C21: PT. YONGJIN JAVASUKA GARMENT | D21: PT. YONGJIN JAVASUKA GARMENT (2,3공장) | E21: AC | F21: RawMaterial | G21: Others | I21: Hydrofluorocarbons(HFCs) | J21: HFC-410A | K21: 45.2 | L21: 11.3 | M21: 11.3 | N21: 11.3 | V21: 11.3 | X21: kg | Y21: 2022 | Z21: =VLOOKUP($E21,'[1]5-2. Emission Facility'!$B$7:$D$16,2,0) -> AC | AA21: =VLOOKUP($Z21,'[1]5-2. Emission Facility'!$C$7:$D$16,2,0) -> Process Emissions | AB21: =IF($C21="","",IF(VLOOKUP($C21,'[1]1. General Facility Information'!$C$7:$E$13,3,0)="Korea",'Scope 1'!$I21,INDEX('[1]5-1. Fuel Density'!$B$6:$B$18,MATCH('Scope 1'!$I21,'[1]5-1. Fuel Density'!$C$6:$C$18,0)))) -> Hydrofluorocarbons(HFCs) | AC21: =IF(OR($X21="㎥",$X21="kg"),$L21,"") -> 11.3 | AD21: =IF(OR($X21="㎥",$X21="kg"),M21,"") -> 11.3 | AE21: =IF(OR($X21="㎥",$X21="kg"),N21,"") -> 11.3 | AF21: =IF(OR($X21="㎥",$X21="kg"),O21,"") -> 0 | AG21: =IF(OR($X21="㎥",$X21="kg"),P21,"") -> 0 | AH21: =IF(OR($X21="㎥",$X21="kg"),Q21,"") -> 0 | AI21: =IF(OR($X21="㎥",$X21="kg"),R21,"") -> 0 | AJ21: =IF(OR($X21="㎥",$X21="kg"),S21,"") -> 0 | AK21: =IF(OR($X21="㎥",$X21="kg"),T21,"") -> 0 | ... AN21: =IF(OR($X21="㎥",$X21="kg"),W21,"") -> 0 | AO21: =IF(SUM(AC21:AN21)-AP21=0,"","X") | AP21: =IF(OR($X21="㎥",$X21="kg"),$K21,"") -> 45.2 | AQ21: =IF(OR($X21="㎥",$X21="kg"),$X21,"") -> kg | AR21: =IF($C21="","",$AP21*IF($AQ21="㎥",VLOOKUP('Scope 1'!AQ21,'[1]5-3. Unit Conversion'!$B$5:$J$13,3,FALSE)*VLOOKUP('Scope 1'!AB21,'[1]5-1. Fuel Density'!$B$6:$D$18,3,FALSE)*1000,IF($AQ21="kg",VLOOKUP('Scope 1'!AQ21,'[1]5-3. Unit Conversion'!$B$16:$G$21,3,FALSE),0))) -> 45.2 | AS21: =IFERROR(IF($AB21="","",IF(VLOOKUP($AB21,'[1]5-1. Fuel Density'!$B$6:$G$19,6,0)="Use of other GHGs",0,IF($AB21="Industrial Wastes",$AR21*'[1]5-4. Calorific&Emission factor'!$R$75,$AR21*VLOOKUP($AB21,'[1]5-4. Calorific&Emission factor'!$P$9:$R$74,3,FALSE)))),0) -> 0 | AT21: =IF($AB21="","",IF(OR($AB21="Hydrofluorocarbons(HFCs)",$AB21="ETC"),$AR21*VLOOKUP($J21,'[1]5-4. Calorific&Emission factor'!$B$10:$D$14,3,0)/1000,IF(VLOOKUP($AB21,'[1]5-1. Fuel Density'!$B$6:$G$19,6,0)="Use of other GHGs",$AU21/1000,(($AU21*'[1]5-4. Calorific&Emission factor'!$D$7)+($AV21*'[1]5-4. Calorific&Emission factor'!$D$8)+($AW21*'[1]5-4. Calorific&Emission factor'!$D$9))/1000))) -> 101.9486 | AU21: =IF($AB21="","",IF(VLOOKUP($AB21,'[1]5-1. Fuel Density'!$B$6:$G$19,6,0)="Use of other GHGs",$AR21*VLOOKUP($AB21,'[1]5-4. Calorific&Emission factor'!$O$9:$Y$74,5,FALSE)/1000000,$AS21*VLOOKUP($AB21,'[1]5-4. Calorific&Emission factor'!$P$9:$Y$74,4,FALSE)/1000000)) -> 0 | AV21: =IF($AB21="","",IF(VLOOKUP($AB21,'[1]5-1. Fuel Density'!$B$6:$G$19,6,0)="Use of other GHGs",0,$AS21*VLOOKUP($AB21,'[1]5-4. Calorific&Emission factor'!$P$9:$Y$74,6,FALSE)/1000000)) -> 0 | AW21: =IF($AB21="","",IF(VLOOKUP($AB21,'[1]5-1. Fuel Density'!$B$6:$G$19,6,0)="Use of other GHGs",0,$AS21*VLOOKUP($AB21,'[1]5-4. Calorific&Emission factor'!$P$9:$Y$74,9,FALSE)/1000000)) -> 0
B22: 17 | C22: PT. YONGJIN JAVASUKA GARMENT | D22: PT. YONGJIN JAVASUKA GARMENT (2,3공장) | E22: AC | F22: RawMaterial | G22: Others | I22: ETC | J22: HCFC-22 | K22: 27.2 | V22: 27.2 | X22: kg | Y22: 2022 | Z22: =VLOOKUP($E22,'[1]5-2. Emission Facility'!$B$7:$D$16,2,0) -> AC | AA22: =VLOOKUP($Z22,'[1]5-2. Emission Facility'!$C$7:$D$16,2,0) -> Process Emissions | AB22: =IF($C22="","",IF(VLOOKUP($C22,'[1]1. General Facility Information'!$C$7:$E$13,3,0)="Korea",'Scope 1'!$I22,INDEX('[1]5-1. Fuel Density'!$B$6:$B$18,MATCH('Scope 1'!$I22,'[1]5-1. Fuel Density'!$C$6:$C$18,0)))) -> Hydrofluorocarbons(HFCs) | AC22: =IF(OR($X22="㎥",$X22="kg"),$L22,"") -> 0 | AD22: =IF(OR($X22="㎥",$X22="kg"),M22,"") -> 0 | AE22: =IF(OR($X22="㎥",$X22="kg"),N22,"") -> 0 | AF22: =IF(OR($X22="㎥",$X22="kg"),O22,"") -> 0 | AG22: =IF(OR($X22="㎥",$X22="kg"),P22,"") -> 0 | AH22: =IF(OR($X22="㎥",$X22="kg"),Q22,"") -> 0 | AI22: =IF(OR($X22="㎥",$X22="kg"),R22,"") -> 0 | AJ22: =IF(OR($X22="㎥",$X22="kg"),S22,"") -> 0 | AK22: =IF(OR($X22="㎥",$X22="kg"),T22,"") -> 0 | ... AN22: =IF(OR($X22="㎥",$X22="kg"),W22,"") -> 0 | AO22: =IF(SUM(AC22:AN22)-AP22=0,"","X") | AP22: =IF(OR($X22="㎥",$X22="kg"),$K22,"") -> 27.2 | AQ22: =IF(OR($X22="㎥",$X22="kg"),$X22,"") -> kg | AR22: =IF($C22="","",$AP22*IF($AQ22="㎥",VLOOKUP('Scope 1'!AQ22,'[1]5-3. Unit Conversion'!$B$5:$J$13,3,FALSE)*VLOOKUP('Scope 1'!AB22,'[1]5-1. Fuel Density'!$B$6:$D$18,3,FALSE)*1000,IF($AQ22="kg",VLOOKUP('Scope 1'!AQ22,'[1]5-3. Unit Conversion'!$B$16:$G$21,3,FALSE),0))) -> 27.2 | AS22: =IFERROR(IF($AB22="","",IF(VLOOKUP($AB22,'[1]5-1. Fuel Density'!$B$6:$G$19,6,0)="Use of other GHGs",0,IF($AB22="Industrial Wastes",$AR22*'[1]5-4. Calorific&Emission factor'!$R$75,$AR22*VLOOKUP($AB22,'[1]5-4. Calorific&Emission factor'!$P$9:$R$74,3,FALSE)))),0) -> 0 | AT22: =IF($AB22="","",IF(OR($AB22="Hydrofluorocarbons(HFCs)",$AB22="ETC"),$AR22*VLOOKUP($J22,'[1]5-4. Calorific&Emission factor'!$B$10:$D$14,3,0)/1000,IF(VLOOKUP($AB22,'[1]5-1. Fuel Density'!$B$6:$G$19,6,0)="Use of other GHGs",$AU22/1000,(($AU22*'[1]5-4. Calorific&Emission factor'!$D$7)+($AV22*'[1]5-4. Calorific&Emission factor'!$D$8)+($AW22*'[1]5-4. Calorific&Emission factor'!$D$9))/1000))) -> 53.312 | AU22: =IF($AB22="","",IF(VLOOKUP($AB22,'[1]5-1. Fuel Density'!$B$6:$G$19,6,0)="Use of other GHGs",$AR22*VLOOKUP($AB22,'[1]5-4. Calorific&Emission factor'!$O$9:$Y$74,5,FALSE)/1000000,$AS22*VLOOKUP($AB22,'[1]5-4. Calorific&Emission factor'!$P$9:$Y$74,4,FALSE)/1000000)) -> 0 | AV22: =IF($AB22="","",IF(VLOOKUP($AB22,'[1]5-1. Fuel Density'!$B$6:$G$19,6,0)="Use of other GHGs",0,$AS22*VLOOKUP($AB22,'[1]5-4. Calorific&Emission factor'!$P$9:$Y$74,6,FALSE)/1000000)) -> 0 | AW22: =IF($AB22="","",IF(VLOOKUP($AB22,'[1]5-1. Fuel Density'!$B$6:$G$19,6,0)="Use of other GHGs",0,$AS22*VLOOKUP($AB22,'[1]5-4. Calorific&Emission factor'!$P$9:$Y$74,9,FALSE)/1000000)) -> 0
B23: 18 | C23: PT. YONGJIN JAVASUKA GARMENT | D23: PT. YONGJIN JAVASUKA GARMENT (2,3공장) | E23: AC | F23: RawMaterial | G23: Others | I23: Hydrofluorocarbons(HFCs) | J23: HFC-32 | K23: 10 | M23: 10 | X23: kg | Y23: 2022 | Z23: =VLOOKUP($E23,'[1]5-2. Emission Facility'!$B$7:$D$16,2,0) -> AC | AA23: =VLOOKUP($Z23,'[1]5-2. Emission Facility'!$C$7:$D$16,2,0) -> Process Emissions | AB23: =IF($C23="","",IF(VLOOKUP($C23,'[1]1. General Facility Information'!$C$7:$E$13,3,0)="Korea",'Scope 1'!$I23,INDEX('[1]5-1. Fuel Density'!$B$6:$B$18,MATCH('Scope 1'!$I23,'[1]5-1. Fuel Density'!$C$6:$C$18,0)))) -> Hydrofluorocarbons(HFCs) | AP23: =IF(OR($X23="㎥",$X23="kg"),$K23,"") -> 10 | AQ23: =IF(OR($X23="㎥",$X23="kg"),$X23,"") -> kg | AR23: =IF($C23="","",$AP23*IF($AQ23="㎥",VLOOKUP('Scope 1'!AQ23,'[1]5-3. Unit Conversion'!$B$5:$J$13,3,FALSE)*VLOOKUP('Scope 1'!AB23,'[1]5-1. Fuel Density'!$B$6:$D$18,3,FALSE)*1000,IF($AQ23="kg",VLOOKUP('Scope 1'!AQ23,'[1]5-3. Unit Conversion'!$B$16:$G$21,3,FALSE),0))) -> 10 | AS23: =IFERROR(IF($AB23="","",IF(VLOOKUP($AB23,'[1]5-1. Fuel Density'!$B$6:$G$19,6,0)="Use of other GHGs",0,IF($AB23="Industrial Wastes",$AR23*'[1]5-4. Calorific&Emission factor'!$R$75,$AR23*VLOOKUP($AB23,'[1]5-4. Calorific&Emission factor'!$P$9:$R$74,3,FALSE)))),0) -> 0 | AT23: =IF($AB23="","",IF(OR($AB23="Hydrofluorocarbons(HFCs)",$AB23="ETC"),$AR23*VLOOKUP($J23,'[1]5-4. Calorific&Emission factor'!$B$10:$D$14,3,0)/1000,IF(VLOOKUP($AB23,'[1]5-1. Fuel Density'!$B$6:$G$19,6,0)="Use of other GHGs",$AU23/1000,(($AU23*'[1]5-4. Calorific&Emission factor'!$D$7)+($AV23*'[1]5-4. Calorific&Emission factor'!$D$8)+($AW23*'[1]5-4. Calorific&Emission factor'!$D$9))/1000))) -> 7.71 | AU23: =IF($AB23="","",IF(VLOOKUP($AB23,'[1]5-1. Fuel Density'!$B$6:$G$19,6,0)="Use of other GHGs",$AR23*VLOOKUP($AB23,'[1]5-4. Calorific&Emission factor'!$O$9:$Y$74,5,FALSE)/1000000,$AS23*VLOOKUP($AB23,'[1]5-4. Calorific&Emission factor'!$P$9:$Y$74,4,FALSE)/1000000)) -> 0 | AV23: =IF($AB23="","",IF(VLOOKUP($AB23,'[1]5-1. Fuel Density'!$B$6:$G$19,6,0)="Use of other GHGs",0,$AS23*VLOOKUP($AB23,'[1]5-4. Calorific&Emission factor'!$P$9:$Y$74,6,FALSE)/1000000)) -> 0 | AW23: =IF($AB23="","",IF(VLOOKUP($AB23,'[1]5-1. Fuel Density'!$B$6:$G$19,6,0)="Use of other GHGs",0,$AS23*VLOOKUP($AB23,'[1]5-4. Calorific&Emission factor'!$P$9:$Y$74,9,FALSE)/1000000)) -> 0
B24: 19 | C24: PT. YONGJIN JAVASUKA GARMENT | D24: PT. YONGJIN JAVASUKA GARMENT (2,3공장) | E24: Car | F24: Fuel | G24: Mobile combustion | I24: Automotive gasoline/diesel oil | J24: DIESEL OIL | K24: 188.29962 | L24: 22.499667 | M24: 19.06319 | N24: 20.26981 | O24: 25.025762 | P24: 21.416898 | Q24: 21.363485 | R24: 25.041325 | S24: 23.308639 | T24: 3.38334 | U24: 1.980501 | V24: 2.487 | W24: 2.46 | X24: ㎥ | Y24: 2022 | Z24: =VLOOKUP($E24,'[1]5-2. Emission Facility'!$B$7:$D$16,2,0) -> Vehicle | AA24: =VLOOKUP($Z24,'[1]5-2. Emission Facility'!$C$7:$D$16,2,0) -> Mobile combustion | AB24: =IF($C24="","",IF(VLOOKUP($C24,'[1]1. General Facility Information'!$C$7:$E$13,3,0)="Korea",'Scope 1'!$I24,INDEX('[1]5-1. Fuel Density'!$B$6:$B$18,MATCH('Scope 1'!$I24,'[1]5-1. Fuel Density'!$C$6:$C$18,0)))) -> Automotive gasoline (petrol) | AC24: =IF(OR($X24="㎥",$X24="kg"),$L24,"") -> 22.499667 | AD24: =IF(OR($X24="㎥",$X24="kg"),M24,"") -> 19.06319 | AE24: =IF(OR($X24="㎥",$X24="kg"),N24,"") -> 20.26981 | AF24: =IF(OR($X24="㎥",$X24="kg"),O24,"") -> 25.025762 | AG24: =IF(OR($X24="㎥",$X24="kg"),P24,"") -> 21.416898 | AH24: =IF(OR($X24="㎥",$X24="kg"),Q24,"") -> 21.363485 | AI24: =IF(OR($X24="㎥",$X24="kg"),R24,"") -> 25.041325 | AJ24: =IF(OR($X24="㎥",$X24="kg"),S24,"") -> 23.308639 | AK24: =IF(OR($X24="㎥",$X24="kg"),T24,"") -> 3.38334 | ... AN24: =IF(OR($X24="㎥",$X24="kg"),W24,"") -> 2.46 | AO24: =IF(SUM(AC24:AN24)-AP24=0,"","X") | AP24: =IF(OR($X24="㎥",$X24="kg"),$K24,"") -> 188.29962 | AQ24: =IF(OR($X24="㎥",$X24="kg"),$X24,"") -> ㎥ | AR24: =IF($C24="","",$AP24*IF($AQ24="㎥",VLOOKUP('Scope 1'!AQ24,'[1]5-3. Unit Conversion'!$B$5:$J$13,3,FALSE)*VLOOKUP('Scope 1'!AB24,'[1]5-1. Fuel Density'!$B$6:$D$18,3,FALSE)*1000,IF($AQ24="kg",VLOOKUP('Scope 1'!AQ24,'[1]5-3. Unit Conversion'!$B$16:$G$21,3,FALSE),0))) -> 139530.02 | AS24: =IFERROR(IF($AB24="","",IF(VLOOKUP($AB24,'[1]5-1. Fuel Density'!$B$6:$G$19,6,0)="Use of other GHGs",0,IF($AB24="Industrial Wastes",$AR24*'[1]5-4. Calorific&Emission factor'!$R$75,$AR24*VLOOKUP($AB24,'[1]5-4. Calorific&Emission factor'!$P$9:$R$74,3,FALSE)))),0) -> 6181179.7 | AT24: =IF($AB24="","",IF(OR($AB24="Hydrofluorocarbons(HFCs)",$AB24="ETC"),$AR24*VLOOKUP($J24,'[1]5-4. Calorific&Emission factor'!$B$10:$D$14,3,0)/1000,IF(VLOOKUP($AB24,'[1]5-1. Fuel Density'!$B$6:$G$19,6,0)="Use of other GHGs",$AU24/1000,(($AU24*'[1]5-4. Calorific&Emission factor'!$D$7)+($AV24*'[1]5-4. Calorific&Emission factor'!$D$8)+($AW24*'[1]5-4. Calorific&Emission factor'!$D$9))/1000))) -> 429.86891 | AU24: =IF($AB24="","",IF(VLOOKUP($AB24,'[1]5-1. Fuel Density'!$B$6:$G$19,6,0)="Use of other GHGs",$AR24*VLOOKUP($AB24,'[1]5-4. Calorific&Emission factor'!$O$9:$Y$74,5,FALSE)/1000000,$AS24*VLOOKUP($AB24,'[1]5-4. Calorific&Emission factor'!$P$9:$Y$74,4,FALSE)/1000000)) -> 428355.75 | AV24: =IF($AB24="","",IF(VLOOKUP($AB24,'[1]5-1. Fuel Density'!$B$6:$G$19,6,0)="Use of other GHGs",0,$AS24*VLOOKUP($AB24,'[1]5-4. Calorific&Emission factor'!$P$9:$Y$74,6,FALSE)/1000000)) -> 18.543539 | AW24: =IF($AB24="","",IF(VLOOKUP($AB24,'[1]5-1. Fuel Density'!$B$6:$G$19,6,0)="Use of other GHGs",0,$AS24*VLOOKUP($AB24,'[1]5-4. Calorific&Emission factor'!$P$9:$Y$74,9,FALSE)/1000000)) -> 3.7087078
B25: 20 | C25: PT. YONGJIN JAVASUKA GARMENT | D25: PT. YONGJIN JAVASUKA GARMENT (2,3공장) | E25: Car | F25: Fuel | G25: Mobile combustion | I25: Automotive gasoline/diesel oil | J25: GASOLINE | K25: 90.347002 | L25: 0.4475 | M25: 0.86 | N25: 1.146 | O25: 1.978 | P25: 1.786362 | Q25: 2.15642 | R25: 1.74 | S25: 1.04955 | T25: 18.0207 | U25: 22.35988 | V25: 19.01067 | W25: 19.79192 | X25: ㎥ | Y25: 2022 | Z25: =VLOOKUP($E25,'[1]5-2. Emission Facility'!$B$7:$D$16,2,0) -> Vehicle | AA25: =VLOOKUP($Z25,'[1]5-2. Emission Facility'!$C$7:$D$16,2,0) -> Mobile combustion | AB25: =IF($C25="","",IF(VLOOKUP($C25,'[1]1. General Facility Information'!$C$7:$E$13,3,0)="Korea",'Scope 1'!$I25,INDEX('[1]5-1. Fuel Density'!$B$6:$B$18,MATCH('Scope 1'!$I25,'[1]5-1. Fuel Density'!$C$6:$C$18,0)))) -> Automotive gasoline (petrol) | AC25: =IF(OR($X25="㎥",$X25="kg"),$L25,"") -> 0.4475 | AD25: =IF(OR($X25="㎥",$X25="kg"),M25,"") -> 0.86 | AE25: =IF(OR($X25="㎥",$X25="kg"),N25,"") -> 1.146 | AF25: =IF(OR($X25="㎥",$X25="kg"),O25,"") -> 1.978 | AG25: =IF(OR($X25="㎥",$X25="kg"),P25,"") -> 1.786362 | AH25: =IF(OR($X25="㎥",$X25="kg"),Q25,"") -> 2.15642 | AI25: =IF(OR($X25="㎥",$X25="kg"),R25,"") -> 1.74 | AJ25: =IF(OR($X25="㎥",$X25="kg"),S25,"") -> 1.04955 | AK25: =IF(OR($X25="㎥",$X25="kg"),T25,"") -> 18.0207 | ... AN25: =IF(OR($X25="㎥",$X25="kg"),W25,"") -> 19.79192 | AO25: =IF(SUM(AC25:AN25)-AP25=0,"","X") | AP25: =IF(OR($X25="㎥",$X25="kg"),$K25,"") -> 90.347002 | AQ25: =IF(OR($X25="㎥",$X25="kg"),$X25,"") -> ㎥ | AR25: =IF($C25="","",$AP25*IF($AQ25="㎥",VLOOKUP('Scope 1'!AQ25,'[1]5-3. Unit Conversion'!$B$5:$J$13,3,FALSE)*VLOOKUP('Scope 1'!AB25,'[1]5-1. Fuel Density'!$B$6:$D$18,3,FALSE)*1000,IF($AQ25="kg",VLOOKUP('Scope 1'!AQ25,'[1]5-3. Unit Conversion'!$B$16:$G$21,3,FALSE),0))) -> 66947.128 | AS25: =IFERROR(IF($AB25="","",IF(VLOOKUP($AB25,'[1]5-1. Fuel Density'!$B$6:$G$19,6,0)="Use of other GHGs",0,IF($AB25="Industrial Wastes",$AR25*'[1]5-4. Calorific&Emission factor'!$R$75,$AR25*VLOOKUP($AB25,'[1]5-4. Calorific&Emission factor'!$P$9:$R$74,3,FALSE)))),0) -> 2965757.8 | AT25: =IF($AB25="","",IF(OR($AB25="Hydrofluorocarbons(HFCs)",$AB25="ETC"),$AR25*VLOOKUP($J25,'[1]5-4. Calorific&Emission factor'!$B$10:$D$14,3,0)/1000,IF(VLOOKUP($AB25,'[1]5-1. Fuel Density'!$B$6:$G$19,6,0)="Use of other GHGs",$AU25/1000,(($AU25*'[1]5-4. Calorific&Emission factor'!$D$7)+($AV25*'[1]5-4. Calorific&Emission factor'!$D$8)+($AW25*'[1]5-4. Calorific&Emission factor'!$D$9))/1000))) -> 206.25303 | AU25: =IF($AB25="","",IF(VLOOKUP($AB25,'[1]5-1. Fuel Density'!$B$6:$G$19,6,0)="Use of other GHGs",$AR25*VLOOKUP($AB25,'[1]5-4. Calorific&Emission factor'!$O$9:$Y$74,5,FALSE)/1000000,$AS25*VLOOKUP($AB25,'[1]5-4. Calorific&Emission factor'!$P$9:$Y$74,4,FALSE)/1000000)) -> 205527.01 | AV25: =IF($AB25="","",IF(VLOOKUP($AB25,'[1]5-1. Fuel Density'!$B$6:$G$19,6,0)="Use of other GHGs",0,$AS25*VLOOKUP($AB25,'[1]5-4. Calorific&Emission factor'!$P$9:$Y$74,6,FALSE)/1000000)) -> 8.8972734 | AW25: =IF($AB25="","",IF(VLOOKUP($AB25,'[1]5-1. Fuel Density'!$B$6:$G$19,6,0)="Use of other GHGs",0,$AS25*VLOOKUP($AB25,'[1]5-4. Calorific&Emission factor'!$P$9:$Y$74,9,FALSE)/1000000)) -> 1.7794547
B26: 21 | C26: PT. HJL INDO NETWORKS | D26: PT. HJL INDO NETWORKS | E26: Vehicle | F26: Fuel | G26: Mobile combustion fuels and vehicle | H26: manager-level operational vehicles | I26: Automotive gasoline (petrol) | J26: RON 92 (called pertamax) | K26: 31.301694 | L26: 1.586848 | M26: 1.635574 | N26: 1.578364 | O26: 3.034391 | P26: 1.94021 | Q26: 2.432964 | R26: 3.270419 | S26: 2.604809 | T26: 3.695244 | U26: 3.031793 | V26: 2.820299 | W26: 3.670779 | X26: ㎥ | Y26: 2022 | Z26: =VLOOKUP($E26,'[1]5-2. Emission Facility'!$B$7:$D$16,2,0) -> Vehicle | AA26: =VLOOKUP($Z26,'[1]5-2. Emission Facility'!$C$7:$D$16,2,0) -> Mobile combustion | AB26: =IF($C26="","",IF(VLOOKUP($C26,'[1]1. General Facility Information'!$C$7:$E$13,3,0)="Korea",'Scope 1'!$I26,INDEX('[1]5-1. Fuel Density'!$B$6:$B$18,MATCH('Scope 1'!$I26,'[1]5-1. Fuel Density'!$C$6:$C$18,0)))) -> Automotive gasoline (petrol) | AC26: =IF(OR($X26="㎥",$X26="kg"),$L26,"") -> 1.586848 | AD26: =IF(OR($X26="㎥",$X26="kg"),M26,"") -> 1.635574 | AE26: =IF(OR($X26="㎥",$X26="kg"),N26,"") -> 1.578364 | AF26: =IF(OR($X26="㎥",$X26="kg"),O26,"") -> 3.034391 | AG26: =IF(OR($X26="㎥",$X26="kg"),P26,"") -> 1.94021 | AH26: =IF(OR($X26="㎥",$X26="kg"),Q26,"") -> 2.432964 | AI26: =IF(OR($X26="㎥",$X26="kg"),R26,"") -> 3.270419 | AJ26: =IF(OR($X26="㎥",$X26="kg"),S26,"") -> 2.604809 | AK26: =IF(OR($X26="㎥",$X26="kg"),T26,"") -> 3.695244 | ... AN26: =IF(OR($X26="㎥",$X26="kg"),W26,"") -> 3.670779 | AO26: =IF(SUM(AC26:AN26)-AP26=0,"","X") | AP26: =IF(OR($X26="㎥",$X26="kg"),$K26,"") -> 31.301694 | AQ26: =IF(OR($X26="㎥",$X26="kg"),$X26,"") -> ㎥ | AR26: =IF($C26="","",$AP26*IF($AQ26="㎥",VLOOKUP('Scope 1'!AQ26,'[1]5-3. Unit Conversion'!$B$5:$J$13,3,FALSE)*VLOOKUP('Scope 1'!AB26,'[1]5-1. Fuel Density'!$B$6:$D$18,3,FALSE)*1000,IF($AQ26="kg",VLOOKUP('Scope 1'!AQ26,'[1]5-3. Unit Conversion'!$B$16:$G$21,3,FALSE),0))) -> 23194.555 | AS26: =IFERROR(IF($AB26="","",IF(VLOOKUP($AB26,'[1]5-1. Fuel Density'!$B$6:$G$19,6,0)="Use of other GHGs",0,IF($AB26="Industrial Wastes",$AR26*'[1]5-4. Calorific&Emission factor'!$R$75,$AR26*VLOOKUP($AB26,'[1]5-4. Calorific&Emission factor'!$P$9:$R$74,3,FALSE)))),0) -> 1027518.8 | AT26: =IF($AB26="","",IF(OR($AB26="Hydrofluorocarbons(HFCs)",$AB26="ETC"),$AR26*VLOOKUP($J26,'[1]5-4. Calorific&Emission factor'!$B$10:$D$14,3,0)/1000,IF(VLOOKUP($AB26,'[1]5-1. Fuel Density'!$B$6:$G$19,6,0)="Use of other GHGs",$AU26/1000,(($AU26*'[1]5-4. Calorific&Emission factor'!$D$7)+($AV26*'[1]5-4. Calorific&Emission factor'!$D$8)+($AW26*'[1]5-4. Calorific&Emission factor'!$D$9))/1000))) -> 71.458589 | AU26: =IF($AB26="","",IF(VLOOKUP($AB26,'[1]5-1. Fuel Density'!$B$6:$G$19,6,0)="Use of other GHGs",$AR26*VLOOKUP($AB26,'[1]5-4. Calorific&Emission factor'!$O$9:$Y$74,5,FALSE)/1000000,$AS26*VLOOKUP($AB26,'[1]5-4. Calorific&Emission factor'!$P$9:$Y$74,4,FALSE)/1000000)) -> 71207.053 | AV26: =IF($AB26="","",IF(VLOOKUP($AB26,'[1]5-1. Fuel Density'!$B$6:$G$19,6,0)="Use of other GHGs",0,$AS26*VLOOKUP($AB26,'[1]5-4. Calorific&Emission factor'!$P$9:$Y$74,6,FALSE)/1000000)) -> 3.0825564 | AW26: =IF($AB26="","",IF(VLOOKUP($AB26,'[1]5-1. Fuel Density'!$B$6:$G$19,6,0)="Use of other GHGs",0,$AS26*VLOOKUP($AB26,'[1]5-4. Calorific&Emission factor'!$P$9:$Y$74,9,FALSE)/1000000)) -> 0.61651128
B27: 22 | C27: PT.HOGA REKSA GARMENT | D27: PT.HOGA REKSA GARMENT | E27: Power Generator | F27: Fuel | G27: Stationary combustion | H27: Conversion of Diesel Combusting to Electric Energy | I27: Biodiesel | K27: 1.42 | L27: 0.07 | M27: 0.11 | N27: 0.18 | O27: 0.08 | P27: 0.12 | Q27: 0.06 | R27: 0.15 | S27: 0.15 | T27: 0.06 | U27: 0.05 | V27: 0.15 | W27: 0.24 | X27: ㎥ | Y27: 2022 | Z27: =VLOOKUP($E27,'[1]5-2. Emission Facility'!$B$7:$D$16,2,0) -> Power Generator | AA27: =VLOOKUP($Z27,'[1]5-2. Emission Facility'!$C$7:$D$16,2,0) -> Stationary Combustion | AB27: =IF($C27="","",IF(VLOOKUP($C27,'[1]1. General Facility Information'!$C$7:$E$13,3,0)="Korea",'Scope 1'!$I27,INDEX('[1]5-1. Fuel Density'!$B$6:$B$18,MATCH('Scope 1'!$I27,'[1]5-1. Fuel Density'!$C$6:$C$18,0)))) -> Biodiesel | AC27: =IF(OR($X27="㎥",$X27="kg"),$L27,"") -> 0.07 | AD27: =IF(OR($X27="㎥",$X27="kg"),M27,"") -> 0.11 | AE27: =IF(OR($X27="㎥",$X27="kg"),N27,"") -> 0.18 | AF27: =IF(OR($X27="㎥",$X27="kg"),O27,"") -> 0.08 | AG27: =IF(OR($X27="㎥",$X27="kg"),P27,"") -> 0.12 | AH27: =IF(OR($X27="㎥",$X27="kg"),Q27,"") -> 0.06 | AI27: =IF(OR($X27="㎥",$X27="kg"),R27,"") -> 0.15 | AJ27: =IF(OR($X27="㎥",$X27="kg"),S27,"") -> 0.15 | AK27: =IF(OR($X27="㎥",$X27="kg"),T27,"") -> 0.06 | ... AN27: =IF(OR($X27="㎥",$X27="kg"),W27,"") -> 0.24 | AO27: =IF(SUM(AC27:AN27)-AP27=0,"","X") | AP27: =IF(OR($X27="㎥",$X27="kg"),$K27,"") -> 1.42 | AQ27: =IF(OR($X27="㎥",$X27="kg"),$X27,"") -> ㎥ | AR27: =IF($C27="","",$AP27*IF($AQ27="㎥",VLOOKUP('Scope 1'!AQ27,'[1]5-3. Unit Conversion'!$B$5:$J$13,3,FALSE)*VLOOKUP('Scope 1'!AB27,'[1]5-1. Fuel Density'!$B$6:$D$18,3,FALSE)*1000,IF($AQ27="kg",VLOOKUP('Scope 1'!AQ27,'[1]5-3. Unit Conversion'!$B$16:$G$21,3,FALSE),0))) -> 1199.9 | AS27: =IFERROR(IF($AB27="","",IF(VLOOKUP($AB27,'[1]5-1. Fuel Density'!$B$6:$G$19,6,0)="Use of other GHGs",0,IF($AB27="Industrial Wastes",$AR27*'[1]5-4. Calorific&Emission factor'!$R$75,$AR27*VLOOKUP($AB27,'[1]5-4. Calorific&Emission factor'!$P$9:$R$74,3,FALSE)))),0) -> 32397.3 | AT27: =IF($AB27="","",IF(OR($AB27="Hydrofluorocarbons(HFCs)",$AB27="ETC"),$AR27*VLOOKUP($J27,'[1]5-4. Calorific&Emission factor'!$B$10:$D$14,3,0)/1000,IF(VLOOKUP($AB27,'[1]5-1. Fuel Density'!$B$6:$G$19,6,0)="Use of other GHGs",$AU27/1000,(($AU27*'[1]5-4. Calorific&Emission factor'!$D$7)+($AV27*'[1]5-4. Calorific&Emission factor'!$D$8)+($AW27*'[1]5-4. Calorific&Emission factor'!$D$9))/1000))) -> 2.3016597 | AU27: =IF($AB27="","",IF(VLOOKUP($AB27,'[1]5-1. Fuel Density'!$B$6:$G$19,6,0)="Use of other GHGs",$AR27*VLOOKUP($AB27,'[1]5-4. Calorific&Emission factor'!$O$9:$Y$74,5,FALSE)/1000000,$AS27*VLOOKUP($AB27,'[1]5-4. Calorific&Emission factor'!$P$9:$Y$74,4,FALSE)/1000000)) -> 2293.7288 | AV27: =IF($AB27="","",IF(VLOOKUP($AB27,'[1]5-1. Fuel Density'!$B$6:$G$19,6,0)="Use of other GHGs",0,$AS27*VLOOKUP($AB27,'[1]5-4. Calorific&Emission factor'!$P$9:$Y$74,6,FALSE)/1000000)) -> 0.0971919 | AW27: =IF($AB27="","",IF(VLOOKUP($AB27,'[1]5-1. Fuel Density'!$B$6:$G$19,6,0)="Use of other GHGs",0,$AS27*VLOOKUP($AB27,'[1]5-4. Calorific&Emission factor'!$P$9:$Y$74,9,FALSE)/1000000)) -> 0.01943838
B28: 23 | C28: PT.HOGA REKSA GARMENT | D28: PT.HOGA REKSA GARMENT | E28: Vehicle | F28: Fuel | G28: Mobile combustion | H28: Company Controlled Vehicle for Logistic Purpose | I28: Biodiesel | K28: 11.66166 | L28: 2.1354565 | M28: 0.54084039 | N28: 0.98518039 | O28: 0.68790544 | P28: 1.0375206 | Q28: 0.79520835 | R28: 1.1862482 | S28: 1.0796806 | T28: 1.01682 | U28: 0.78422 | V28: 0.46429 | W28: 0.94829 | X28: ㎥ | Y28: 2022 | Z28: =VLOOKUP($E28,'[1]5-2. Emission Facility'!$B$7:$D$16,2,0) -> Vehicle | AA28: =VLOOKUP($Z28,'[1]5-2. Emission Facility'!$C$7:$D$16,2,0) -> Mobile combustion | AB28: =IF($C28="","",IF(VLOOKUP($C28,'[1]1. General Facility Information'!$C$7:$E$13,3,0)="Korea",'Scope 1'!$I28,INDEX('[1]5-1. Fuel Density'!$B$6:$B$18,MATCH('Scope 1'!$I28,'[1]5-1. Fuel Density'!$C$6:$C$18,0)))) -> Biodiesel | AC28: =IF(OR($X28="㎥",$X28="kg"),$L28,"") -> 2.1354565 | AD28: =IF(OR($X28="㎥",$X28="kg"),M28,"") -> 0.54084039 | AE28: =IF(OR($X28="㎥",$X28="kg"),N28,"") -> 0.98518039 | AF28: =IF(OR($X28="㎥",$X28="kg"),O28,"") -> 0.68790544 | AG28: =IF(OR($X28="㎥",$X28="kg"),P28,"") -> 1.0375206 | AH28: =IF(OR($X28="㎥",$X28="kg"),Q28,"") -> 0.79520835 | AI28: =IF(OR($X28="㎥",$X28="kg"),R28,"") -> 1.1862482 | AJ28: =IF(OR($X28="㎥",$X28="kg"),S28,"") -> 1.0796806 | AK28: =IF(OR($X28="㎥",$X28="kg"),T28,"") -> 1.01682 | ... AN28: =IF(OR($X28="㎥",$X28="kg"),W28,"") -> 0.94829 | AO28: =IF(SUM(AC28:AN28)-AP28=0,"","X") | AP28: =IF(OR($X28="㎥",$X28="kg"),$K28,"") -> 11.66166 | AQ28: =IF(OR($X28="㎥",$X28="kg"),$X28,"") -> ㎥ | AR28: =IF($C28="","",$AP28*IF($AQ28="㎥",VLOOKUP('Scope 1'!AQ28,'[1]5-3. Unit Conversion'!$B$5:$J$13,3,FALSE)*VLOOKUP('Scope 1'!AB28,'[1]5-1. Fuel Density'!$B$6:$D$18,3,FALSE)*1000,IF($AQ28="kg",VLOOKUP('Scope 1'!AQ28,'[1]5-3. Unit Conversion'!$B$16:$G$21,3,FALSE),0))) -> 9854.103 | AS28: =IFERROR(IF($AB28="","",IF(VLOOKUP($AB28,'[1]5-1. Fuel Density'!$B$6:$G$19,6,0)="Use of other GHGs",0,IF($AB28="Industrial Wastes",$AR28*'[1]5-4. Calorific&Emission factor'!$R$75,$AR28*VLOOKUP($AB28,'[1]5-4. Calorific&Emission factor'!$P$9:$R$74,3,FALSE)))),0) -> 266060.78 | AT28: =IF($AB28="","",IF(OR($AB28="Hydrofluorocarbons(HFCs)",$AB28="ETC"),$AR28*VLOOKUP($J28,'[1]5-4. Calorific&Emission factor'!$B$10:$D$14,3,0)/1000,IF(VLOOKUP($AB28,'[1]5-1. Fuel Density'!$B$6:$G$19,6,0)="Use of other GHGs",$AU28/1000,(($AU28*'[1]5-4. Calorific&Emission factor'!$D$7)+($AV28*'[1]5-4. Calorific&Emission factor'!$D$8)+($AW28*'[1]5-4. Calorific&Emission factor'!$D$9))/1000))) -> 18.902235 | AU28: =IF($AB28="","",IF(VLOOKUP($AB28,'[1]5-1. Fuel Density'!$B$6:$G$19,6,0)="Use of other GHGs",$AR28*VLOOKUP($AB28,'[1]5-4. Calorific&Emission factor'!$O$9:$Y$74,5,FALSE)/1000000,$AS28*VLOOKUP($AB28,'[1]5-4. Calorific&Emission factor'!$P$9:$Y$74,4,FALSE)/1000000)) -> 18837.103 | AV28: =IF($AB28="","",IF(VLOOKUP($AB28,'[1]5-1. Fuel Density'!$B$6:$G$19,6,0)="Use of other GHGs",0,$AS28*VLOOKUP($AB28,'[1]5-4. Calorific&Emission factor'!$P$9:$Y$74,6,FALSE)/1000000)) -> 0.79818235 | AW28: =IF($AB28="","",IF(VLOOKUP($AB28,'[1]5-1. Fuel Density'!$B$6:$G$19,6,0)="Use of other GHGs",0,$AS28*VLOOKUP($AB28,'[1]5-4. Calorific&Emission factor'!$P$9:$Y$74,9,FALSE)/1000000)) -> 0.15963647
B29: 24 | C29: PT.HOGA REKSA GARMENT | D29: PT.HOGA REKSA GARMENT | E29: Vehicle | F29: Fuel | G29: Mobile combustion | H29: Company Controlled Vehicle for Business Purpose | I29: Automotive gasoline (petrol) | K29: 18.793474 | L29: 1.2831708 | M29: 0.41840651 | N29: 1.1074313 | O29: 1.7907774 | P29: 1.8222803 | Q29: 1.6087827 | R29: 1.6248133 | S29: 1.9879199 | T29: 2.0080565 | U29: 2.1341 | V29: 1.53608 | W29: 1.4716556 | X29: ㎥ | Y29: 2022 | Z29: =VLOOKUP($E29,'[1]5-2. Emission Facility'!$B$7:$D$16,2,0) -> Vehicle | AA29: =VLOOKUP($Z29,'[1]5-2. Emission Facility'!$C$7:$D$16,2,0) -> Mobile combustion | AB29: =IF($C29="","",IF(VLOOKUP($C29,'[1]1. General Facility Information'!$C$7:$E$13,3,0)="Korea",'Scope 1'!$I29,INDEX('[1]5-1. Fuel Density'!$B$6:$B$18,MATCH('Scope 1'!$I29,'[1]5-1. Fuel Density'!$C$6:$C$18,0)))) -> Automotive gasoline (petrol) | AC29: =IF(OR($X29="㎥",$X29="kg"),$L29,"") -> 1.2831708 | AD29: =IF(OR($X29="㎥",$X29="kg"),M29,"") -> 0.41840651 | AE29: =IF(OR($X29="㎥",$X29="kg"),N29,"") -> 1.1074313 | AF29: =IF(OR($X29="㎥",$X29="kg"),O29,"") -> 1.7907774 | AG29: =IF(OR($X29="㎥",$X29="kg"),P29,"") -> 1.8222803 | AH29: =IF(OR($X29="㎥",$X29="kg"),Q29,"") -> 1.6087827 | AI29: =IF(OR($X29="㎥",$X29="kg"),R29,"") -> 1.6248133 | AJ29: =IF(OR($X29="㎥",$X29="kg"),S29,"") -> 1.9879199 | AK29: =IF(OR($X29="㎥",$X29="kg"),T29,"") -> 2.0080565 | ... AN29: =IF(OR($X29="㎥",$X29="kg"),W29,"") -> 1.4716556 | AO29: =IF(SUM(AC29:AN29)-AP29=0,"","X") | AP29: =IF(OR($X29="㎥",$X29="kg"),$K29,"") -> 18.793474 | AQ29: =IF(OR($X29="㎥",$X29="kg"),$X29,"") -> ㎥ | AR29: =IF($C29="","",$AP29*IF($AQ29="㎥",VLOOKUP('Scope 1'!AQ29,'[1]5-3. Unit Conversion'!$B$5:$J$13,3,FALSE)*VLOOKUP('Scope 1'!AB29,'[1]5-1. Fuel Density'!$B$6:$D$18,3,FALSE)*1000,IF($AQ29="kg",VLOOKUP('Scope 1'!AQ29,'[1]5-3. Unit Conversion'!$B$16:$G$21,3,FALSE),0))) -> 13925.964 | AS29: =IFERROR(IF($AB29="","",IF(VLOOKUP($AB29,'[1]5-1. Fuel Density'!$B$6:$G$19,6,0)="Use of other GHGs",0,IF($AB29="Industrial Wastes",$AR29*'[1]5-4. Calorific&Emission factor'!$R$75,$AR29*VLOOKUP($AB29,'[1]5-4. Calorific&Emission factor'!$P$9:$R$74,3,FALSE)))),0) -> 616920.22 | AT29: =IF($AB29="","",IF(OR($AB29="Hydrofluorocarbons(HFCs)",$AB29="ETC"),$AR29*VLOOKUP($J29,'[1]5-4. Calorific&Emission factor'!$B$10:$D$14,3,0)/1000,IF(VLOOKUP($AB29,'[1]5-1. Fuel Density'!$B$6:$G$19,6,0)="Use of other GHGs",$AU29/1000,(($AU29*'[1]5-4. Calorific&Emission factor'!$D$7)+($AV29*'[1]5-4. Calorific&Emission factor'!$D$8)+($AW29*'[1]5-4. Calorific&Emission factor'!$D$9))/1000))) -> 42.903594 | AU29: =IF($AB29="","",IF(VLOOKUP($AB29,'[1]5-1. Fuel Density'!$B$6:$G$19,6,0)="Use of other GHGs",$AR29*VLOOKUP($AB29,'[1]5-4. Calorific&Emission factor'!$O$9:$Y$74,5,FALSE)/1000000,$AS29*VLOOKUP($AB29,'[1]5-4. Calorific&Emission factor'!$P$9:$Y$74,4,FALSE)/1000000)) -> 42752.572 | AV29: =IF($AB29="","",IF(VLOOKUP($AB29,'[1]5-1. Fuel Density'!$B$6:$G$19,6,0)="Use of other GHGs",0,$AS29*VLOOKUP($AB29,'[1]5-4. Calorific&Emission factor'!$P$9:$Y$74,6,FALSE)/1000000)) -> 1.8507607 | AW29: =IF($AB29="","",IF(VLOOKUP($AB29,'[1]5-1. Fuel Density'!$B$6:$G$19,6,0)="Use of other GHGs",0,$AS29*VLOOKUP($AB29,'[1]5-4. Calorific&Emission factor'!$P$9:$Y$74,9,FALSE)/1000000)) -> 0.37015213
B30: 25 | C30: HOJEON LIMITED | D30: HOJEON LIMITED Co., Ltd | E30: 차량 | F30: 원료 | G30: 이동연소 | H30: 차량 운행 | I30: Automotive gasoline (petrol) | K30: 26.263205 | L30: 1.87771 | M30: 1.9536452 | N30: 2.29707 | O30: 2.0591486 | P30: 2.1589429 | Q30: 2.1513226 | R30: 2.1445179 | S30: 2.3508503 | T30: 2.3506677 | U30: 2.4005161 | V30: 2.2982751 | W30: 2.2205383 | X30: ㎥ | Y30: 2023 | Z30: =VLOOKUP($E30,'[1]5-2. Emission Facility'!$B$7:$D$16,2,0) -> Vehicle | AA30: =VLOOKUP($Z30,'[1]5-2. Emission Facility'!$C$7:$D$16,2,0) -> Mobile combustion | AB30: =IF($C30="","",IF(VLOOKUP($C30,'[1]1. General Facility Information'!$C$7:$E$13,3,0)="Korea",'Scope 1'!$I30,INDEX('[1]5-1. Fuel Density'!$B$6:$B$18,MATCH('Scope 1'!$I30,'[1]5-1. Fuel Density'!$C$6:$C$18,0)))) -> Automotive gasoline (petrol) | AC30: =IF(OR($X30="㎥",$X30="kg"),$L30,"") -> 1.87771 | AD30: =IF(OR($X30="㎥",$X30="kg"),M30,"") -> 1.9536452 | AE30: =IF(OR($X30="㎥",$X30="kg"),N30,"") -> 2.29707 | AF30: =IF(OR($X30="㎥",$X30="kg"),O30,"") -> 2.0591486 | AG30: =IF(OR($X30="㎥",$X30="kg"),P30,"") -> 2.1589429 | AH30: =IF(OR($X30="㎥",$X30="kg"),Q30,"") -> 2.1513226 | AI30: =IF(OR($X30="㎥",$X30="kg"),R30,"") -> 2.1445179 | AJ30: =IF(OR($X30="㎥",$X30="kg"),S30,"") -> 2.3508503 | AK30: =IF(OR($X30="㎥",$X30="kg"),T30,"") -> 2.3506677 | ... AN30: =IF(OR($X30="㎥",$X30="kg"),W30,"") -> 2.2205383 | AO30: =IF(SUM(AC30:AN30)-AP30=0,"","X") | AP30: =IF(OR($X30="㎥",$X30="kg"),$K30,"") -> 26.263205 | AQ30: =IF(OR($X30="㎥",$X30="kg"),$X30,"") -> ㎥ | AR30: =IF($C30="","",$AP30*IF($AQ30="㎥",VLOOKUP('Scope 1'!AQ30,'[1]5-3. Unit Conversion'!$B$5:$J$13,3,FALSE)*VLOOKUP('Scope 1'!AB30,'[1]5-1. Fuel Density'!$B$6:$D$18,3,FALSE)*1000,IF($AQ30="kg",VLOOKUP('Scope 1'!AQ30,'[1]5-3. Unit Conversion'!$B$16:$G$21,3,FALSE),0))) -> 19461.035 | AS30: =IFERROR(IF($AB30="","",IF(VLOOKUP($AB30,'[1]5-1. Fuel Density'!$B$6:$G$19,6,0)="Use of other GHGs",0,IF($AB30="Industrial Wastes",$AR30*'[1]5-4. Calorific&Emission factor'!$R$75,$AR30*VLOOKUP($AB30,'[1]5-4. Calorific&Emission factor'!$P$9:$R$74,3,FALSE)))),0) -> 862123.84 | AT30: =IF($AB30="","",IF(OR($AB30="Hydrofluorocarbons(HFCs)",$AB30="ETC"),$AR30*VLOOKUP($J30,'[1]5-4. Calorific&Emission factor'!$B$10:$D$14,3,0)/1000,IF(VLOOKUP($AB30,'[1]5-1. Fuel Density'!$B$6:$G$19,6,0)="Use of other GHGs",$AU30/1000,(($AU30*'[1]5-4. Calorific&Emission factor'!$D$7)+($AV30*'[1]5-4. Calorific&Emission factor'!$D$8)+($AW30*'[1]5-4. Calorific&Emission factor'!$D$9))/1000))) -> 59.95623 | AU30: =IF($AB30="","",IF(VLOOKUP($AB30,'[1]5-1. Fuel Density'!$B$6:$G$19,6,0)="Use of other GHGs",$AR30*VLOOKUP($AB30,'[1]5-4. Calorific&Emission factor'!$O$9:$Y$74,5,FALSE)/1000000,$AS30*VLOOKUP($AB30,'[1]5-4. Calorific&Emission factor'!$P$9:$Y$74,4,FALSE)/1000000)) -> 59745.182 | AV30: =IF($AB30="","",IF(VLOOKUP($AB30,'[1]5-1. Fuel Density'!$B$6:$G$19,6,0)="Use of other GHGs",0,$AS30*VLOOKUP($AB30,'[1]5-4. Calorific&Emission factor'!$P$9:$Y$74,6,FALSE)/1000000)) -> 2.5863715 | AW30: =IF($AB30="","",IF(VLOOKUP($AB30,'[1]5-1. Fuel Density'!$B$6:$G$19,6,0)="Use of other GHGs",0,$AS30*VLOOKUP($AB30,'[1]5-4. Calorific&Emission factor'!$P$9:$Y$74,9,FALSE)/1000000)) -> 0.5172743
B31: 26 | C31: PT. KAHOINDAH CITRAGARMENT | D31: KAHOINDAH CITRAGARMENT | E31: Vehicle | F31: Fuel | G31: Mobile combustion fuels and vehicle | H31: manager-level operational vehicles | I31: Automotive gasoline (petrol) | J31: RON 90 (called Pertalite) | K31: 28.0444 | L31: 2.34502 | M31: 2.48234 | N31: 2.49348 | O31: 1.21122 | P31: 2.56283 | Q31: 2.2667 | R31: 2.44342 | S31: 2.88951 | T31: 2.73765 | U31: 2.25794 | V31: 2.34373 | W31: 2.01056 | X31: ㎥ | Y31: 2023 | Z31: =VLOOKUP($E31,'[1]5-2. Emission Facility'!$B$7:$D$16,2,0) -> Vehicle | AA31: =VLOOKUP($Z31,'[1]5-2. Emission Facility'!$C$7:$D$16,2,0) -> Mobile combustion | AB31: =IF($C31="","",IF(VLOOKUP($C31,'[1]1. General Facility Information'!$C$7:$E$13,3,0)="Korea",'Scope 1'!$I31,INDEX('[1]5-1. Fuel Density'!$B$6:$B$18,MATCH('Scope 1'!$I31,'[1]5-1. Fuel Density'!$C$6:$C$18,0)))) -> Automotive gasoline (petrol) | AC31: =IF(OR($X31="㎥",$X31="kg"),$L31,"") -> 2.34502 | AD31: =IF(OR($X31="㎥",$X31="kg"),M31,"") -> 2.48234 | AE31: =IF(OR($X31="㎥",$X31="kg"),N31,"") -> 2.49348 | AF31: =IF(OR($X31="㎥",$X31="kg"),O31,"") -> 1.21122 | AG31: =IF(OR($X31="㎥",$X31="kg"),P31,"") -> 2.56283 | AH31: =IF(OR($X31="㎥",$X31="kg"),Q31,"") -> 2.2667 | AI31: =IF(OR($X31="㎥",$X31="kg"),R31,"") -> 2.44342 | AJ31: =IF(OR($X31="㎥",$X31="kg"),S31,"") -> 2.88951 | AK31: =IF(OR($X31="㎥",$X31="kg"),T31,"") -> 2.73765 | ... AN31: =IF(OR($X31="㎥",$X31="kg"),W31,"") -> 2.01056 | AO31: =IF(SUM(AC31:AN31)-AP31=0,"","X") | AP31: =IF(OR($X31="㎥",$X31="kg"),$K31,"") -> 28.0444 | AQ31: =IF(OR($X31="㎥",$X31="kg"),$X31,"") -> ㎥ | AR31: =IF($C31="","",$AP31*IF($AQ31="㎥",VLOOKUP('Scope 1'!AQ31,'[1]5-3. Unit Conversion'!$B$5:$J$13,3,FALSE)*VLOOKUP('Scope 1'!AB31,'[1]5-1. Fuel Density'!$B$6:$D$18,3,FALSE)*1000,IF($AQ31="kg",VLOOKUP('Scope 1'!AQ31,'[1]5-3. Unit Conversion'!$B$16:$G$21,3,FALSE),0))) -> 20780.9 | AS31: =IFERROR(IF($AB31="","",IF(VLOOKUP($AB31,'[1]5-1. Fuel Density'!$B$6:$G$19,6,0)="Use of other GHGs",0,IF($AB31="Industrial Wastes",$AR31*'[1]5-4. Calorific&Emission factor'!$R$75,$AR31*VLOOKUP($AB31,'[1]5-4. Calorific&Emission factor'!$P$9:$R$74,3,FALSE)))),0) -> 920593.89 | AT31: =IF($AB31="","",IF(OR($AB31="Hydrofluorocarbons(HFCs)",$AB31="ETC"),$AR31*VLOOKUP($J31,'[1]5-4. Calorific&Emission factor'!$B$10:$D$14,3,0)/1000,IF(VLOOKUP($AB31,'[1]5-1. Fuel Density'!$B$6:$G$19,6,0)="Use of other GHGs",$AU31/1000,(($AU31*'[1]5-4. Calorific&Emission factor'!$D$7)+($AV31*'[1]5-4. Calorific&Emission factor'!$D$8)+($AW31*'[1]5-4. Calorific&Emission factor'!$D$9))/1000))) -> 64.022518 | AU31: =IF($AB31="","",IF(VLOOKUP($AB31,'[1]5-1. Fuel Density'!$B$6:$G$19,6,0)="Use of other GHGs",$AR31*VLOOKUP($AB31,'[1]5-4. Calorific&Emission factor'!$O$9:$Y$74,5,FALSE)/1000000,$AS31*VLOOKUP($AB31,'[1]5-4. Calorific&Emission factor'!$P$9:$Y$74,4,FALSE)/1000000)) -> 63797.156 | AV31: =IF($AB31="","",IF(VLOOKUP($AB31,'[1]5-1. Fuel Density'!$B$6:$G$19,6,0)="Use of other GHGs",0,$AS31*VLOOKUP($AB31,'[1]5-4. Calorific&Emission factor'!$P$9:$Y$74,6,FALSE)/1000000)) -> 2.7617817 | AW31: =IF($AB31="","",IF(VLOOKUP($AB31,'[1]5-1. Fuel Density'!$B$6:$G$19,6,0)="Use of other GHGs",0,$AS31*VLOOKUP($AB31,'[1]5-4. Calorific&Emission factor'!$P$9:$Y$74,9,FALSE)/1000000)) -> 0.55235633
B32: 27 | C32: PT. KAHOINDAH CITRAGARMENT | D32: KAHOINDAH CITRAGARMENT | E32: Boiler | F32: Fuel | G32: Stationary combustion fuels and equipment - Solid Fuel | H32: converts boiler combustion to produce heat that is used for steam ironing and fabric relaxation. | I32: Industrial Wastes | J32: Fabric Waste from Production | K32: 311703 | L32: 24973 | M32: 22164 | N32: 28645 | O32: 26953 | P32: 28481 | Q32: 26867 | R32: 26050 | S32: 25450 | T32: 25560 | U32: 25150 | V32: 25740 | W32: 25670 | X32: kg | Y32: 2023 | Z32: =VLOOKUP($E32,'[1]5-2. Emission Facility'!$B$7:$D$16,2,0) -> Boiler | AA32: =VLOOKUP($Z32,'[1]5-2. Emission Facility'!$C$7:$D$16,2,0) -> Stationary Combustion | AB32: =IF($C32="","",IF(VLOOKUP($C32,'[1]1. General Facility Information'!$C$7:$E$13,3,0)="Korea",'Scope 1'!$I32,INDEX('[1]5-1. Fuel Density'!$B$6:$B$18,MATCH('Scope 1'!$I32,'[1]5-1. Fuel Density'!$C$6:$C$18,0)))) -> Industrial Wastes | AC32: =IF(OR($X32="㎥",$X32="kg"),$L32,"") -> 24973 | AD32: =IF(OR($X32="㎥",$X32="kg"),M32,"") -> 22164 | AE32: =IF(OR($X32="㎥",$X32="kg"),N32,"") -> 28645 | AF32: =IF(OR($X32="㎥",$X32="kg"),O32,"") -> 26953 | AG32: =IF(OR($X32="㎥",$X32="kg"),P32,"") -> 28481 | AH32: =IF(OR($X32="㎥",$X32="kg"),Q32,"") -> 26867 | AI32: =IF(OR($X32="㎥",$X32="kg"),R32,"") -> 26050 | AJ32: =IF(OR($X32="㎥",$X32="kg"),S32,"") -> 25450 | AK32: =IF(OR($X32="㎥",$X32="kg"),T32,"") -> 25560 | ... AN32: =IF(OR($X32="㎥",$X32="kg"),W32,"") -> 25670 | AO32: =IF(SUM(AC32:AN32)-AP32=0,"","X") | AP32: =IF(OR($X32="㎥",$X32="kg"),$K32,"") -> 311703 | AQ32: =IF(OR($X32="㎥",$X32="kg"),$X32,"") -> kg | AR32: =IF($C32="","",$AP32*IF($AQ32="㎥",VLOOKUP('Scope 1'!AQ32,'[1]5-3. Unit Conversion'!$B$5:$J$13,3,FALSE)*VLOOKUP('Scope 1'!AB32,'[1]5-1. Fuel Density'!$B$6:$D$18,3,FALSE)*1000,IF($AQ32="kg",VLOOKUP('Scope 1'!AQ32,'[1]5-3. Unit Conversion'!$B$16:$G$21,3,FALSE),0))) -> 311703 | AS32: =IFERROR(IF($AB32="","",IF(VLOOKUP($AB32,'[1]5-1. Fuel Density'!$B$6:$G$19,6,0)="Use of other GHGs",0,IF($AB32="Industrial Wastes",$AR32*'[1]5-4. Calorific&Emission factor'!$R$75,$AR32*VLOOKUP($AB32,'[1]5-4. Calorific&Emission factor'!$P$9:$R$74,3,FALSE)))),0) -> 6781664.6 | AT32: =IF($AB32="","",IF(OR($AB32="Hydrofluorocarbons(HFCs)",$AB32="ETC"),$AR32*VLOOKUP($J32,'[1]5-4. Calorific&Emission factor'!$B$10:$D$14,3,0)/1000,IF(VLOOKUP($AB32,'[1]5-1. Fuel Density'!$B$6:$G$19,6,0)="Use of other GHGs",$AU32/1000,(($AU32*'[1]5-4. Calorific&Emission factor'!$D$7)+($AV32*'[1]5-4. Calorific&Emission factor'!$D$8)+($AW32*'[1]5-4. Calorific&Emission factor'!$D$9))/1000))) -> 982.67677 | AU32: =IF($AB32="","",IF(VLOOKUP($AB32,'[1]5-1. Fuel Density'!$B$6:$G$19,6,0)="Use of other GHGs",$AR32*VLOOKUP($AB32,'[1]5-4. Calorific&Emission factor'!$O$9:$Y$74,5,FALSE)/1000000,$AS32*VLOOKUP($AB32,'[1]5-4. Calorific&Emission factor'!$P$9:$Y$74,4,FALSE)/1000000)) -> 969778.04 | AV32: =IF($AB32="","",IF(VLOOKUP($AB32,'[1]5-1. Fuel Density'!$B$6:$G$19,6,0)="Use of other GHGs",0,$AS32*VLOOKUP($AB32,'[1]5-4. Calorific&Emission factor'!$P$9:$Y$74,6,FALSE)/1000000)) -> 203.44994 | AW32: =IF($AB32="","",IF(VLOOKUP($AB32,'[1]5-1. Fuel Density'!$B$6:$G$19,6,0)="Use of other GHGs",0,$AS32*VLOOKUP($AB32,'[1]5-4. Calorific&Emission factor'!$P$9:$Y$74,9,FALSE)/1000000)) -> 27.126659
B33: 28 | C33: PT. KAHOINDAH CITRAGARMENT | D33: KAHOINDAH CITRAGARMENT | E33: Forklift | F33: Fuel | G33: Mobile combustion fuels and vehicle | H33: to transport heavy weight item from one location to another location using forklift | I33: Biodiesel | J33: Biosolar (B30) | K33: 1.54 | L33: 0.13 | M33: 0.13 | N33: 0.14 | O33: 0.14 | P33: 0.12 | Q33: 0.12 | R33: 0.13 | S33: 0.13 | T33: 0.14 | U33: 0.12 | V33: 0.12 | W33: 0.12 | X33: ㎥ | Y33: 2023 | Z33: =VLOOKUP($E33,'[1]5-2. Emission Facility'!$B$7:$D$16,2,0) -> Forklift | AA33: =VLOOKUP($Z33,'[1]5-2. Emission Facility'!$C$7:$D$16,2,0) -> Mobile combustion | AB33: =IF($C33="","",IF(VLOOKUP($C33,'[1]1. General Facility Information'!$C$7:$E$13,3,0)="Korea",'Scope 1'!$I33,INDEX('[1]5-1. Fuel Density'!$B$6:$B$18,MATCH('Scope 1'!$I33,'[1]5-1. Fuel Density'!$C$6:$C$18,0)))) -> Biodiesel | AC33: =IF(OR($X33="㎥",$X33="kg"),$L33,"") -> 0.13 | AD33: =IF(OR($X33="㎥",$X33="kg"),M33,"") -> 0.13 | AE33: =IF(OR($X33="㎥",$X33="kg"),N33,"") -> 0.14 | AF33: =IF(OR($X33="㎥",$X33="kg"),O33,"") -> 0.14 | AG33: =IF(OR($X33="㎥",$X33="kg"),P33,"") -> 0.12 | AH33: =IF(OR($X33="㎥",$X33="kg"),Q33,"") -> 0.12 | AI33: =IF(OR($X33="㎥",$X33="kg"),R33,"") -> 0.13 | AJ33: =IF(OR($X33="㎥",$X33="kg"),S33,"") -> 0.13 | AK33: =IF(OR($X33="㎥",$X33="kg"),T33,"") -> 0.14 | ... AN33: =IF(OR($X33="㎥",$X33="kg"),W33,"") -> 0.12 | AO33: =IF(SUM(AC33:AN33)-AP33=0,"","X") | AP33: =IF(OR($X33="㎥",$X33="kg"),$K33,"") -> 1.54 | AQ33: =IF(OR($X33="㎥",$X33="kg"),$X33,"") -> ㎥ | AR33: =IF($C33="","",$AP33*IF($AQ33="㎥",VLOOKUP('Scope 1'!AQ33,'[1]5-3. Unit Conversion'!$B$5:$J$13,3,FALSE)*VLOOKUP('Scope 1'!AB33,'[1]5-1. Fuel Density'!$B$6:$D$18,3,FALSE)*1000,IF($AQ33="kg",VLOOKUP('Scope 1'!AQ33,'[1]5-3. Unit Conversion'!$B$16:$G$21,3,FALSE),0))) -> 1301.3 | AS33: =IFERROR(IF($AB33="","",IF(VLOOKUP($AB33,'[1]5-1. Fuel Density'!$B$6:$G$19,6,0)="Use of other GHGs",0,IF($AB33="Industrial Wastes",$AR33*'[1]5-4. Calorific&Emission factor'!$R$75,$AR33*VLOOKUP($AB33,'[1]5-4. Calorific&Emission factor'!$P$9:$R$74,3,FALSE)))),0) -> 35135.1 | AT33: =IF($AB33="","",IF(OR($AB33="Hydrofluorocarbons(HFCs)",$AB33="ETC"),$AR33*VLOOKUP($J33,'[1]5-4. Calorific&Emission factor'!$B$10:$D$14,3,0)/1000,IF(VLOOKUP($AB33,'[1]5-1. Fuel Density'!$B$6:$G$19,6,0)="Use of other GHGs",$AU33/1000,(($AU33*'[1]5-4. Calorific&Emission factor'!$D$7)+($AV33*'[1]5-4. Calorific&Emission factor'!$D$8)+($AW33*'[1]5-4. Calorific&Emission factor'!$D$9))/1000))) -> 2.4961662 | AU33: =IF($AB33="","",IF(VLOOKUP($AB33,'[1]5-1. Fuel Density'!$B$6:$G$19,6,0)="Use of other GHGs",$AR33*VLOOKUP($AB33,'[1]5-4. Calorific&Emission factor'!$O$9:$Y$74,5,FALSE)/1000000,$AS33*VLOOKUP($AB33,'[1]5-4. Calorific&Emission factor'!$P$9:$Y$74,4,FALSE)/1000000)) -> 2487.5651 | AV33: =IF($AB33="","",IF(VLOOKUP($AB33,'[1]5-1. Fuel Density'!$B$6:$G$19,6,0)="Use of other GHGs",0,$AS33*VLOOKUP($AB33,'[1]5-4. Calorific&Emission factor'!$P$9:$Y$74,6,FALSE)/1000000)) -> 0.1054053 | AW33: =IF($AB33="","",IF(VLOOKUP($AB33,'[1]5-1. Fuel Density'!$B$6:$G$19,6,0)="Use of other GHGs",0,$AS33*VLOOKUP($AB33,'[1]5-4. Calorific&Emission factor'!$P$9:$Y$74,9,FALSE)/1000000)) -> 0.02108106
B34: 29 | C34: PT. KAHOINDAH CITRAGARMENT | D34: KAHOINDAH CITRAGARMENT | E34: Kitchen | F34: Fuel | G34: Stationary combustion fuels and equipment - Gaseous Fuel | H34: coocking food | I34: Liquefied Petroleum Gas (LPG) | J34: LPG 12 KG | K34: 264 | L34: 36 | M34: 24 | N34: 24 | O34: 12 | P34: 24 | Q34: 12 | R34: 24 | S34: 24 | T34: 12 | U34: 24 | V34: 24 | W34: 24 | X34: kg | Y34: 2023 | Z34: =VLOOKUP($E34,'[1]5-2. Emission Facility'!$B$7:$D$16,2,0) -> Kitchen | AA34: =VLOOKUP($Z34,'[1]5-2. Emission Facility'!$C$7:$D$16,2,0) -> Others | AB34: =IF($C34="","",IF(VLOOKUP($C34,'[1]1. General Facility Information'!$C$7:$E$13,3,0)="Korea",'Scope 1'!$I34,INDEX('[1]5-1. Fuel Density'!$B$6:$B$18,MATCH('Scope 1'!$I34,'[1]5-1. Fuel Density'!$C$6:$C$18,0)))) -> Liquefied Petroleum Gas (LPG) | AC34: =IF(OR($X34="㎥",$X34="kg"),$L34,"") -> 36 | AD34: =IF(OR($X34="㎥",$X34="kg"),M34,"") -> 24 | AE34: =IF(OR($X34="㎥",$X34="kg"),N34,"") -> 24 | AF34: =IF(OR($X34="㎥",$X34="kg"),O34,"") -> 12 | AG34: =IF(OR($X34="㎥",$X34="kg"),P34,"") -> 24 | AH34: =IF(OR($X34="㎥",$X34="kg"),Q34,"") -> 12 | AI34: =IF(OR($X34="㎥",$X34="kg"),R34,"") -> 24 | AJ34: =IF(OR($X34="㎥",$X34="kg"),S34,"") -> 24 | AK34: =IF(OR($X34="㎥",$X34="kg"),T34,"") -> 12 | ... AN34: =IF(OR($X34="㎥",$X34="kg"),W34,"") -> 24 | AO34: =IF(SUM(AC34:AN34)-AP34=0,"","X") | AP34: =IF(OR($X34="㎥",$X34="kg"),$K34,"") -> 264 | AQ34: =IF(OR($X34="㎥",$X34="kg"),$X34,"") -> kg | AR34: =IF($C34="","",$AP34*IF($AQ34="㎥",VLOOKUP('Scope 1'!AQ34,'[1]5-3. Unit Conversion'!$B$5:$J$13,3,FALSE)*VLOOKUP('Scope 1'!AB34,'[1]5-1. Fuel Density'!$B$6:$D$18,3,FALSE)*1000,IF($AQ34="kg",VLOOKUP('Scope 1'!AQ34,'[1]5-3. Unit Conversion'!$B$16:$G$21,3,FALSE),0))) -> 264 | AS34: =IFERROR(IF($AB34="","",IF(VLOOKUP($AB34,'[1]5-1. Fuel Density'!$B$6:$G$19,6,0)="Use of other GHGs",0,IF($AB34="Industrial Wastes",$AR34*'[1]5-4. Calorific&Emission factor'!$R$75,$AR34*VLOOKUP($AB34,'[1]5-4. Calorific&Emission factor'!$P$9:$R$74,3,FALSE)))),0) -> 12487.2 | AT34: =IF($AB34="","",IF(OR($AB34="Hydrofluorocarbons(HFCs)",$AB34="ETC"),$AR34*VLOOKUP($J34,'[1]5-4. Calorific&Emission factor'!$B$10:$D$14,3,0)/1000,IF(VLOOKUP($AB34,'[1]5-1. Fuel Density'!$B$6:$G$19,6,0)="Use of other GHGs",$AU34/1000,(($AU34*'[1]5-4. Calorific&Emission factor'!$D$7)+($AV34*'[1]5-4. Calorific&Emission factor'!$D$8)+($AW34*'[1]5-4. Calorific&Emission factor'!$D$9))/1000))) -> 0.78862037 | AU34: =IF($AB34="","",IF(VLOOKUP($AB34,'[1]5-1. Fuel Density'!$B$6:$G$19,6,0)="Use of other GHGs",$AR34*VLOOKUP($AB34,'[1]5-4. Calorific&Emission factor'!$O$9:$Y$74,5,FALSE)/1000000,$AS34*VLOOKUP($AB34,'[1]5-4. Calorific&Emission factor'!$P$9:$Y$74,4,FALSE)/1000000)) -> 787.94232 | AV34: =IF($AB34="","",IF(VLOOKUP($AB34,'[1]5-1. Fuel Density'!$B$6:$G$19,6,0)="Use of other GHGs",0,$AS34*VLOOKUP($AB34,'[1]5-4. Calorific&Emission factor'!$P$9:$Y$74,6,FALSE)/1000000)) -> 0.0124872 | AW34: =IF($AB34="","",IF(VLOOKUP($AB34,'[1]5-1. Fuel Density'!$B$6:$G$19,6,0)="Use of other GHGs",0,$AS34*VLOOKUP($AB34,'[1]5-4. Calorific&Emission factor'!$P$9:$Y$74,9,FALSE)/1000000)) -> 0.00124872
B35: 30 | C35: PT. YONGJIN JAVASUKA GARMENT | D35: PT. YONGJIN JAVASUKA GARMENT (1공장) | E35: Mess | F35: Fuel | G35: Stationary combustion | I35: Liquefied Petroleum Gas (LPG) | J35: LPG 12 KG & CAN 230 GR | K35: 881.02 | L35: 61.38 | M35: 61.38 | N35: 73.15 | O35: 73.15 | P35: 50.3 | Q35: 73.15 | R35: 73.38 | S35: 85.84 | T35: 73.38 | U35: 73.61 | V35: 85.38 | W35: 96.92 | X35: kg | Y35: 2023 | Z35: =VLOOKUP($E35,'[1]5-2. Emission Facility'!$B$7:$D$16,2,0) -> Mess | AA35: =VLOOKUP($Z35,'[1]5-2. Emission Facility'!$C$7:$D$16,2,0) -> Others | AB35: =IF($C35="","",IF(VLOOKUP($C35,'[1]1. General Facility Information'!$C$7:$E$13,3,0)="Korea",'Scope 1'!$I35,INDEX('[1]5-1. Fuel Density'!$B$6:$B$18,MATCH('Scope 1'!$I35,'[1]5-1. Fuel Density'!$C$6:$C$18,0)))) -> Liquefied Petroleum Gas (LPG) | AC35: =IF(OR($X35="㎥",$X35="kg"),$L35,"") -> 61.38 | AD35: =IF(OR($X35="㎥",$X35="kg"),M35,"") -> 61.38 | AE35: =IF(OR($X35="㎥",$X35="kg"),N35,"") -> 73.15 | AF35: =IF(OR($X35="㎥",$X35="kg"),O35,"") -> 73.15 | AG35: =IF(OR($X35="㎥",$X35="kg"),P35,"") -> 50.3 | AH35: =IF(OR($X35="㎥",$X35="kg"),Q35,"") -> 73.15 | AI35: =IF(OR($X35="㎥",$X35="kg"),R35,"") -> 73.38 | AJ35: =IF(OR($X35="㎥",$X35="kg"),S35,"") -> 85.84 | AK35: =IF(OR($X35="㎥",$X35="kg"),T35,"") -> 73.38 | ... AN35: =IF(OR($X35="㎥",$X35="kg"),W35,"") -> 96.92 | AO35: =IF(SUM(AC35:AN35)-AP35=0,"","X") | AP35: =IF(OR($X35="㎥",$X35="kg"),$K35,"") -> 881.02 | AQ35: =IF(OR($X35="㎥",$X35="kg"),$X35,"") -> kg | AR35: =IF($C35="","",$AP35*IF($AQ35="㎥",VLOOKUP('Scope 1'!AQ35,'[1]5-3. Unit Conversion'!$B$5:$J$13,3,FALSE)*VLOOKUP('Scope 1'!AB35,'[1]5-1. Fuel Density'!$B$6:$D$18,3,FALSE)*1000,IF($AQ35="kg",VLOOKUP('Scope 1'!AQ35,'[1]5-3. Unit Conversion'!$B$16:$G$21,3,FALSE),0))) -> 881.02 | AS35: =IFERROR(IF($AB35="","",IF(VLOOKUP($AB35,'[1]5-1. Fuel Density'!$B$6:$G$19,6,0)="Use of other GHGs",0,IF($AB35="Industrial Wastes",$AR35*'[1]5-4. Calorific&Emission factor'!$R$75,$AR35*VLOOKUP($AB35,'[1]5-4. Calorific&Emission factor'!$P$9:$R$74,3,FALSE)))),0) -> 41672.246 | AT35: =IF($AB35="","",IF(OR($AB35="Hydrofluorocarbons(HFCs)",$AB35="ETC"),$AR35*VLOOKUP($J35,'[1]5-4. Calorific&Emission factor'!$B$10:$D$14,3,0)/1000,IF(VLOOKUP($AB35,'[1]5-1. Fuel Density'!$B$6:$G$19,6,0)="Use of other GHGs",$AU35/1000,(($AU35*'[1]5-4. Calorific&Emission factor'!$D$7)+($AV35*'[1]5-4. Calorific&Emission factor'!$D$8)+($AW35*'[1]5-4. Calorific&Emission factor'!$D$9))/1000))) -> 2.6317815 | AU35: =IF($AB35="","",IF(VLOOKUP($AB35,'[1]5-1. Fuel Density'!$B$6:$G$19,6,0)="Use of other GHGs",$AR35*VLOOKUP($AB35,'[1]5-4. Calorific&Emission factor'!$O$9:$Y$74,5,FALSE)/1000000,$AS35*VLOOKUP($AB35,'[1]5-4. Calorific&Emission factor'!$P$9:$Y$74,4,FALSE)/1000000)) -> 2629.5187 | AV35: =IF($AB35="","",IF(VLOOKUP($AB35,'[1]5-1. Fuel Density'!$B$6:$G$19,6,0)="Use of other GHGs",0,$AS35*VLOOKUP($AB35,'[1]5-4. Calorific&Emission factor'!$P$9:$Y$74,6,FALSE)/1000000)) -> 0.041672246 | AW35: =IF($AB35="","",IF(VLOOKUP($AB35,'[1]5-1. Fuel Density'!$B$6:$G$19,6,0)="Use of other GHGs",0,$AS35*VLOOKUP($AB35,'[1]5-4. Calorific&Emission factor'!$P$9:$Y$74,9,FALSE)/1000000)) -> 0.0041672246
B36: 31 | C36: PT. YONGJIN JAVASUKA GARMENT | D36: PT. YONGJIN JAVASUKA GARMENT (1공장) | E36: Generator | F36: Fuel | G36: Stationary combustion | I36: Gas / Diesel oil | J36: SOLAR | K36: 2.2 | L36: 0.575 | M36: 0.1 | N36: 0.375 | P36: 0.1 | Q36: 0.1 | R36: 0.125 | S36: 0.1 | T36: 0.1 | U36: 0.4 | V36: 0.1 | W36: 0.125 | X36: ㎥ | Y36: 2023 | Z36: =VLOOKUP($E36,'[1]5-2. Emission Facility'!$B$7:$D$16,2,0) -> Generator | AA36: =VLOOKUP($Z36,'[1]5-2. Emission Facility'!$C$7:$D$16,2,0) -> Stationary Combustion | AB36: =IF($C36="","",IF(VLOOKUP($C36,'[1]1. General Facility Information'!$C$7:$E$13,3,0)="Korea",'Scope 1'!$I36,INDEX('[1]5-1. Fuel Density'!$B$6:$B$18,MATCH('Scope 1'!$I36,'[1]5-1. Fuel Density'!$C$6:$C$18,0)))) -> Gas / Diesel oil | AC36: =IF(OR($X36="㎥",$X36="kg"),$L36,"") -> 0.575 | AD36: =IF(OR($X36="㎥",$X36="kg"),M36,"") -> 0.1 | AE36: =IF(OR($X36="㎥",$X36="kg"),N36,"") -> 0.375 | AF36: =IF(OR($X36="㎥",$X36="kg"),O36,"") -> 0 | AG36: =IF(OR($X36="㎥",$X36="kg"),P36,"") -> 0.1 | AH36: =IF(OR($X36="㎥",$X36="kg"),Q36,"") -> 0.1 | AI36: =IF(OR($X36="㎥",$X36="kg"),R36,"") -> 0.125 | AJ36: =IF(OR($X36="㎥",$X36="kg"),S36,"") -> 0.1 | AK36: =IF(OR($X36="㎥",$X36="kg"),T36,"") -> 0.1 | ... AN36: =IF(OR($X36="㎥",$X36="kg"),W36,"") -> 0.125 | AO36: =IF(SUM(AC36:AN36)-AP36=0,"","X") | AP36: =IF(OR($X36="㎥",$X36="kg"),$K36,"") -> 2.2 | AQ36: =IF(OR($X36="㎥",$X36="kg"),$X36,"") -> ㎥ | AR36: =IF($C36="","",$AP36*IF($AQ36="㎥",VLOOKUP('Scope 1'!AQ36,'[1]5-3. Unit Conversion'!$B$5:$J$13,3,FALSE)*VLOOKUP('Scope 1'!AB36,'[1]5-1. Fuel Density'!$B$6:$D$18,3,FALSE)*1000,IF($AQ36="kg",VLOOKUP('Scope 1'!AQ36,'[1]5-3. Unit Conversion'!$B$16:$G$21,3,FALSE),0))) -> 1856.8 | AS36: =IFERROR(IF($AB36="","",IF(VLOOKUP($AB36,'[1]5-1. Fuel Density'!$B$6:$G$19,6,0)="Use of other GHGs",0,IF($AB36="Industrial Wastes",$AR36*'[1]5-4. Calorific&Emission factor'!$R$75,$AR36*VLOOKUP($AB36,'[1]5-4. Calorific&Emission factor'!$P$9:$R$74,3,FALSE)))),0) -> 79842.4 | AT36: =IF($AB36="","",IF(OR($AB36="Hydrofluorocarbons(HFCs)",$AB36="ETC"),$AR36*VLOOKUP($J36,'[1]5-4. Calorific&Emission factor'!$B$10:$D$14,3,0)/1000,IF(VLOOKUP($AB36,'[1]5-1. Fuel Density'!$B$6:$G$19,6,0)="Use of other GHGs",$AU36/1000,(($AU36*'[1]5-4. Calorific&Emission factor'!$D$7)+($AV36*'[1]5-4. Calorific&Emission factor'!$D$8)+($AW36*'[1]5-4. Calorific&Emission factor'!$D$9))/1000))) -> 5.9358673 | AU36: =IF($AB36="","",IF(VLOOKUP($AB36,'[1]5-1. Fuel Density'!$B$6:$G$19,6,0)="Use of other GHGs",$AR36*VLOOKUP($AB36,'[1]5-4. Calorific&Emission factor'!$O$9:$Y$74,5,FALSE)/1000000,$AS36*VLOOKUP($AB36,'[1]5-4. Calorific&Emission factor'!$P$9:$Y$74,4,FALSE)/1000000)) -> 5916.3218 | AV36: =IF($AB36="","",IF(VLOOKUP($AB36,'[1]5-1. Fuel Density'!$B$6:$G$19,6,0)="Use of other GHGs",0,$AS36*VLOOKUP($AB36,'[1]5-4. Calorific&Emission factor'!$P$9:$Y$74,6,FALSE)/1000000)) -> 0.2395272 | AW36: =IF($AB36="","",IF(VLOOKUP($AB36,'[1]5-1. Fuel Density'!$B$6:$G$19,6,0)="Use of other GHGs",0,$AS36*VLOOKUP($AB36,'[1]5-4. Calorific&Emission factor'!$P$9:$Y$74,9,FALSE)/1000000)) -> 0.04790544
B37: 32 | C37: PT. YONGJIN JAVASUKA GARMENT | D37: PT. YONGJIN JAVASUKA GARMENT (1공장) | E37: Boiler | F37: Fuel | G37: Stationary combustion | I37: Industrial Wastes | J37: FABRIC WASTE FROM CUTTING | K37: 355050 | L37: 29700 | M37: 29700 | N37: 31050 | O37: 17550 | P37: 31050 | Q37: 36450 | R37: 27000 | S37: 24300 | T37: 40500 | U37: 29700 | V37: 31050 | W37: 27000 | X37: kg | Y37: 2023 | Z37: =VLOOKUP($E37,'[1]5-2. Emission Facility'!$B$7:$D$16,2,0) -> Boiler | AA37: =VLOOKUP($Z37,'[1]5-2. Emission Facility'!$C$7:$D$16,2,0) -> Stationary Combustion | AB37: =IF($C37="","",IF(VLOOKUP($C37,'[1]1. General Facility Information'!$C$7:$E$13,3,0)="Korea",'Scope 1'!$I37,INDEX('[1]5-1. Fuel Density'!$B$6:$B$18,MATCH('Scope 1'!$I37,'[1]5-1. Fuel Density'!$C$6:$C$18,0)))) -> Industrial Wastes | AC37: =IF(OR($X37="㎥",$X37="kg"),$L37,"") -> 29700 | AD37: =IF(OR($X37="㎥",$X37="kg"),M37,"") -> 29700 | AE37: =IF(OR($X37="㎥",$X37="kg"),N37,"") -> 31050 | AF37: =IF(OR($X37="㎥",$X37="kg"),O37,"") -> 17550 | AG37: =IF(OR($X37="㎥",$X37="kg"),P37,"") -> 31050 | AH37: =IF(OR($X37="㎥",$X37="kg"),Q37,"") -> 36450 | AI37: =IF(OR($X37="㎥",$X37="kg"),R37,"") -> 27000 | AJ37: =IF(OR($X37="㎥",$X37="kg"),S37,"") -> 24300 | AK37: =IF(OR($X37="㎥",$X37="kg"),T37,"") -> 40500 | ... AN37: =IF(OR($X37="㎥",$X37="kg"),W37,"") -> 27000 | AO37: =IF(SUM(AC37:AN37)-AP37=0,"","X") | AP37: =IF(OR($X37="㎥",$X37="kg"),$K37,"") -> 355050 | AQ37: =IF(OR($X37="㎥",$X37="kg"),$X37,"") -> kg | AR37: =IF($C37="","",$AP37*IF($AQ37="㎥",VLOOKUP('Scope 1'!AQ37,'[1]5-3. Unit Conversion'!$B$5:$J$13,3,FALSE)*VLOOKUP('Scope 1'!AB37,'[1]5-1. Fuel Density'!$B$6:$D$18,3,FALSE)*1000,IF($AQ37="kg",VLOOKUP('Scope 1'!AQ37,'[1]5-3. Unit Conversion'!$B$16:$G$21,3,FALSE),0))) -> 355050 | AS37: =IFERROR(IF($AB37="","",IF(VLOOKUP($AB37,'[1]5-1. Fuel Density'!$B$6:$G$19,6,0)="Use of other GHGs",0,IF($AB37="Industrial Wastes",$AR37*'[1]5-4. Calorific&Emission factor'!$R$75,$AR37*VLOOKUP($AB37,'[1]5-4. Calorific&Emission factor'!$P$9:$R$74,3,FALSE)))),0) -> 7724757.3 | AT37: =IF($AB37="","",IF(OR($AB37="Hydrofluorocarbons(HFCs)",$AB37="ETC"),$AR37*VLOOKUP($J37,'[1]5-4. Calorific&Emission factor'!$B$10:$D$14,3,0)/1000,IF(VLOOKUP($AB37,'[1]5-1. Fuel Density'!$B$6:$G$19,6,0)="Use of other GHGs",$AU37/1000,(($AU37*'[1]5-4. Calorific&Emission factor'!$D$7)+($AV37*'[1]5-4. Calorific&Emission factor'!$D$8)+($AW37*'[1]5-4. Calorific&Emission factor'!$D$9))/1000))) -> 1119.3328 | AU37: =IF($AB37="","",IF(VLOOKUP($AB37,'[1]5-1. Fuel Density'!$B$6:$G$19,6,0)="Use of other GHGs",$AR37*VLOOKUP($AB37,'[1]5-4. Calorific&Emission factor'!$O$9:$Y$74,5,FALSE)/1000000,$AS37*VLOOKUP($AB37,'[1]5-4. Calorific&Emission factor'!$P$9:$Y$74,4,FALSE)/1000000)) -> 1104640.3 | AV37: =IF($AB37="","",IF(VLOOKUP($AB37,'[1]5-1. Fuel Density'!$B$6:$G$19,6,0)="Use of other GHGs",0,$AS37*VLOOKUP($AB37,'[1]5-4. Calorific&Emission factor'!$P$9:$Y$74,6,FALSE)/1000000)) -> 231.74272 | AW37: =IF($AB37="","",IF(VLOOKUP($AB37,'[1]5-1. Fuel Density'!$B$6:$G$19,6,0)="Use of other GHGs",0,$AS37*VLOOKUP($AB37,'[1]5-4. Calorific&Emission factor'!$P$9:$Y$74,9,FALSE)/1000000)) -> 30.899029
B38: 33 | C38: PT. YONGJIN JAVASUKA GARMENT | D38: PT. YONGJIN JAVASUKA GARMENT (1공장) | E38: AC | F38: RawMaterial | G38: Others | I38: Hydrofluorocarbons(HFCs) | J38: HFC-410A | K38: 11.3 | P38: 11.3 | X38: kg | Y38: 2023 | Z38: =VLOOKUP($E38,'[1]5-2. Emission Facility'!$B$7:$D$16,2,0) -> AC | AA38: =VLOOKUP($Z38,'[1]5-2. Emission Facility'!$C$7:$D$16,2,0) -> Process Emissions | AB38: =IF($C38="","",IF(VLOOKUP($C38,'[1]1. General Facility Information'!$C$7:$E$13,3,0)="Korea",'Scope 1'!$I38,INDEX('[1]5-1. Fuel Density'!$B$6:$B$18,MATCH('Scope 1'!$I38,'[1]5-1. Fuel Density'!$C$6:$C$18,0)))) -> Hydrofluorocarbons(HFCs) | AC38: =IF(OR($X38="㎥",$X38="kg"),$L38,"") -> 0 | AD38: =IF(OR($X38="㎥",$X38="kg"),M38,"") -> 0 | AE38: =IF(OR($X38="㎥",$X38="kg"),N38,"") -> 0 | AF38: =IF(OR($X38="㎥",$X38="kg"),O38,"") -> 0 | AG38: =IF(OR($X38="㎥",$X38="kg"),P38,"") -> 11.3 | AH38: =IF(OR($X38="㎥",$X38="kg"),Q38,"") -> 0 | AI38: =IF(OR($X38="㎥",$X38="kg"),R38,"") -> 0 | AJ38: =IF(OR($X38="㎥",$X38="kg"),S38,"") -> 0 | AK38: =IF(OR($X38="㎥",$X38="kg"),T38,"") -> 0 | ... AN38: =IF(OR($X38="㎥",$X38="kg"),W38,"") -> 0 | AO38: =IF(SUM(AC38:AN38)-AP38=0,"","X") | AP38: =IF(OR($X38="㎥",$X38="kg"),$K38,"") -> 11.3 | AQ38: =IF(OR($X38="㎥",$X38="kg"),$X38,"") -> kg | AR38: =IF($C38="","",$AP38*IF($AQ38="㎥",VLOOKUP('Scope 1'!AQ38,'[1]5-3. Unit Conversion'!$B$5:$J$13,3,FALSE)*VLOOKUP('Scope 1'!AB38,'[1]5-1. Fuel Density'!$B$6:$D$18,3,FALSE)*1000,IF($AQ38="kg",VLOOKUP('Scope 1'!AQ38,'[1]5-3. Unit Conversion'!$B$16:$G$21,3,FALSE),0))) -> 11.3 | AS38: =IFERROR(IF($AB38="","",IF(VLOOKUP($AB38,'[1]5-1. Fuel Density'!$B$6:$G$19,6,0)="Use of other GHGs",0,IF($AB38="Industrial Wastes",$AR38*'[1]5-4. Calorific&Emission factor'!$R$75,$AR38*VLOOKUP($AB38,'[1]5-4. Calorific&Emission factor'!$P$9:$R$74,3,FALSE)))),0) -> 0 | AT38: =IF($AB38="","",IF(OR($AB38="Hydrofluorocarbons(HFCs)",$AB38="ETC"),$AR38*VLOOKUP($J38,'[1]5-4. Calorific&Emission factor'!$B$10:$D$14,3,0)/1000,IF(VLOOKUP($AB38,'[1]5-1. Fuel Density'!$B$6:$G$19,6,0)="Use of other GHGs",$AU38/1000,(($AU38*'[1]5-4. Calorific&Emission factor'!$D$7)+($AV38*'[1]5-4. Calorific&Emission factor'!$D$8)+($AW38*'[1]5-4. Calorific&Emission factor'!$D$9))/1000))) -> 25.48715 | AU38: =IF($AB38="","",IF(VLOOKUP($AB38,'[1]5-1. Fuel Density'!$B$6:$G$19,6,0)="Use of other GHGs",$AR38*VLOOKUP($AB38,'[1]5-4. Calorific&Emission factor'!$O$9:$Y$74,5,FALSE)/1000000,$AS38*VLOOKUP($AB38,'[1]5-4. Calorific&Emission factor'!$P$9:$Y$74,4,FALSE)/1000000)) -> 0 | AV38: =IF($AB38="","",IF(VLOOKUP($AB38,'[1]5-1. Fuel Density'!$B$6:$G$19,6,0)="Use of other GHGs",0,$AS38*VLOOKUP($AB38,'[1]5-4. Calorific&Emission factor'!$P$9:$Y$74,6,FALSE)/1000000)) -> 0 | AW38: =IF($AB38="","",IF(VLOOKUP($AB38,'[1]5-1. Fuel Density'!$B$6:$G$19,6,0)="Use of other GHGs",0,$AS38*VLOOKUP($AB38,'[1]5-4. Calorific&Emission factor'!$P$9:$Y$74,9,FALSE)/1000000)) -> 0
B39: 34 | C39: PT. YONGJIN JAVASUKA GARMENT | D39: PT. YONGJIN JAVASUKA GARMENT (1공장) | E39: AC | F39: RawMaterial | G39: Others | I39: ETC | J39: HCFC-22 | K39: 13.6 | P39: 13.6 | X39: kg | Y39: 2023 | Z39: =VLOOKUP($E39,'[1]5-2. Emission Facility'!$B$7:$D$16,2,0) -> AC | AA39: =VLOOKUP($Z39,'[1]5-2. Emission Facility'!$C$7:$D$16,2,0) -> Process Emissions | AB39: =IF($C39="","",IF(VLOOKUP($C39,'[1]1. General Facility Information'!$C$7:$E$13,3,0)="Korea",'Scope 1'!$I39,INDEX('[1]5-1. Fuel Density'!$B$6:$B$18,MATCH('Scope 1'!$I39,'[1]5-1. Fuel Density'!$C$6:$C$18,0)))) -> Hydrofluorocarbons(HFCs) | AC39: =IF(OR($X39="㎥",$X39="kg"),$L39,"") -> 0 | AD39: =IF(OR($X39="㎥",$X39="kg"),M39,"") -> 0 | AE39: =IF(OR($X39="㎥",$X39="kg"),N39,"") -> 0 | AF39: =IF(OR($X39="㎥",$X39="kg"),O39,"") -> 0 | AG39: =IF(OR($X39="㎥",$X39="kg"),P39,"") -> 13.6 | AH39: =IF(OR($X39="㎥",$X39="kg"),Q39,"") -> 0 | AI39: =IF(OR($X39="㎥",$X39="kg"),R39,"") -> 0 | AJ39: =IF(OR($X39="㎥",$X39="kg"),S39,"") -> 0 | AK39: =IF(OR($X39="㎥",$X39="kg"),T39,"") -> 0 | ... AN39: =IF(OR($X39="㎥",$X39="kg"),W39,"") -> 0 | AO39: =IF(SUM(AC39:AN39)-AP39=0,"","X") | AP39: =IF(OR($X39="㎥",$X39="kg"),$K39,"") -> 13.6 | AQ39: =IF(OR($X39="㎥",$X39="kg"),$X39,"") -> kg | AR39: =IF($C39="","",$AP39*IF($AQ39="㎥",VLOOKUP('Scope 1'!AQ39,'[1]5-3. Unit Conversion'!$B$5:$J$13,3,FALSE)*VLOOKUP('Scope 1'!AB39,'[1]5-1. Fuel Density'!$B$6:$D$18,3,FALSE)*1000,IF($AQ39="kg",VLOOKUP('Scope 1'!AQ39,'[1]5-3. Unit Conversion'!$B$16:$G$21,3,FALSE),0))) -> 13.6 | AS39: =IFERROR(IF($AB39="","",IF(VLOOKUP($AB39,'[1]5-1. Fuel Density'!$B$6:$G$19,6,0)="Use of other GHGs",0,IF($AB39="Industrial Wastes",$AR39*'[1]5-4. Calorific&Emission factor'!$R$75,$AR39*VLOOKUP($AB39,'[1]5-4. Calorific&Emission factor'!$P$9:$R$74,3,FALSE)))),0) -> 0 | AT39: =IF($AB39="","",IF(OR($AB39="Hydrofluorocarbons(HFCs)",$AB39="ETC"),$AR39*VLOOKUP($J39,'[1]5-4. Calorific&Emission factor'!$B$10:$D$14,3,0)/1000,IF(VLOOKUP($AB39,'[1]5-1. Fuel Density'!$B$6:$G$19,6,0)="Use of other GHGs",$AU39/1000,(($AU39*'[1]5-4. Calorific&Emission factor'!$D$7)+($AV39*'[1]5-4. Calorific&Emission factor'!$D$8)+($AW39*'[1]5-4. Calorific&Emission factor'!$D$9))/1000))) -> 26.656 | AU39: =IF($AB39="","",IF(VLOOKUP($AB39,'[1]5-1. Fuel Density'!$B$6:$G$19,6,0)="Use of other GHGs",$AR39*VLOOKUP($AB39,'[1]5-4. Calorific&Emission factor'!$O$9:$Y$74,5,FALSE)/1000000,$AS39*VLOOKUP($AB39,'[1]5-4. Calorific&Emission factor'!$P$9:$Y$74,4,FALSE)/1000000)) -> 0 | AV39: =IF($AB39="","",IF(VLOOKUP($AB39,'[1]5-1. Fuel Density'!$B$6:$G$19,6,0)="Use of other GHGs",0,$AS39*VLOOKUP($AB39,'[1]5-4. Calorific&Emission factor'!$P$9:$Y$74,6,FALSE)/1000000)) -> 0 | AW39: =IF($AB39="","",IF(VLOOKUP($AB39,'[1]5-1. Fuel Density'!$B$6:$G$19,6,0)="Use of other GHGs",0,$AS39*VLOOKUP($AB39,'[1]5-4. Calorific&Emission factor'!$P$9:$Y$74,9,FALSE)/1000000)) -> 0
B40: 35 | C40: PT. YONGJIN JAVASUKA GARMENT | D40: PT. YONGJIN JAVASUKA GARMENT (1공장) | E40: AC | F40: RawMaterial | G40: Others | I40: Hydrofluorocarbons(HFCs) | J40: HFC-32 | K40: 10 | M40: 10 | X40: kg | Y40: 2023 | Z40: =VLOOKUP($E40,'[1]5-2. Emission Facility'!$B$7:$D$16,2,0) -> AC | AA40: =VLOOKUP($Z40,'[1]5-2. Emission Facility'!$C$7:$D$16,2,0) -> Process Emissions | AB40: =IF($C40="","",IF(VLOOKUP($C40,'[1]1. General Facility Information'!$C$7:$E$13,3,0)="Korea",'Scope 1'!$I40,INDEX('[1]5-1. Fuel Density'!$B$6:$B$18,MATCH('Scope 1'!$I40,'[1]5-1. Fuel Density'!$C$6:$C$18,0)))) -> Hydrofluorocarbons(HFCs) | AP40: =IF(OR($X40="㎥",$X40="kg"),$K40,"") -> 10 | AQ40: =IF(OR($X40="㎥",$X40="kg"),$X40,"") -> kg | AR40: =IF($C40="","",$AP40*IF($AQ40="㎥",VLOOKUP('Scope 1'!AQ40,'[1]5-3. Unit Conversion'!$B$5:$J$13,3,FALSE)*VLOOKUP('Scope 1'!AB40,'[1]5-1. Fuel Density'!$B$6:$D$18,3,FALSE)*1000,IF($AQ40="kg",VLOOKUP('Scope 1'!AQ40,'[1]5-3. Unit Conversion'!$B$16:$G$21,3,FALSE),0))) -> 10 | AS40: =IFERROR(IF($AB40="","",IF(VLOOKUP($AB40,'[1]5-1. Fuel Density'!$B$6:$G$19,6,0)="Use of other GHGs",0,IF($AB40="Industrial Wastes",$AR40*'[1]5-4. Calorific&Emission factor'!$R$75,$AR40*VLOOKUP($AB40,'[1]5-4. Calorific&Emission factor'!$P$9:$R$74,3,FALSE)))),0) -> 0 | AT40: =IF($AB40="","",IF(OR($AB40="Hydrofluorocarbons(HFCs)",$AB40="ETC"),$AR40*VLOOKUP($J40,'[1]5-4. Calorific&Emission factor'!$B$10:$D$14,3,0)/1000,IF(VLOOKUP($AB40,'[1]5-1. Fuel Density'!$B$6:$G$19,6,0)="Use of other GHGs",$AU40/1000,(($AU40*'[1]5-4. Calorific&Emission factor'!$D$7)+($AV40*'[1]5-4. Calorific&Emission factor'!$D$8)+($AW40*'[1]5-4. Calorific&Emission factor'!$D$9))/1000))) -> 7.71 | AU40: =IF($AB40="","",IF(VLOOKUP($AB40,'[1]5-1. Fuel Density'!$B$6:$G$19,6,0)="Use of other GHGs",$AR40*VLOOKUP($AB40,'[1]5-4. Calorific&Emission factor'!$O$9:$Y$74,5,FALSE)/1000000,$AS40*VLOOKUP($AB40,'[1]5-4. Calorific&Emission factor'!$P$9:$Y$74,4,FALSE)/1000000)) -> 0 | AV40: =IF($AB40="","",IF(VLOOKUP($AB40,'[1]5-1. Fuel Density'!$B$6:$G$19,6,0)="Use of other GHGs",0,$AS40*VLOOKUP($AB40,'[1]5-4. Calorific&Emission factor'!$P$9:$Y$74,6,FALSE)/1000000)) -> 0 | AW40: =IF($AB40="","",IF(VLOOKUP($AB40,'[1]5-1. Fuel Density'!$B$6:$G$19,6,0)="Use of other GHGs",0,$AS40*VLOOKUP($AB40,'[1]5-4. Calorific&Emission factor'!$P$9:$Y$74,9,FALSE)/1000000)) -> 0
B41: 36 | C41: PT. YONGJIN JAVASUKA GARMENT | D41: PT. YONGJIN JAVASUKA GARMENT (1공장) | E41: Car | F41: Fuel | G41: Mobile combustion | I41: Automotive gasoline/diesel oil | J41: DIESEL OIL | K41: 18.694 | L41: 1.377 | M41: 1.575 | N41: 2.02 | O41: 0.913 | P41: 1.739 | Q41: 1.78 | R41: 1.857 | S41: 1.751 | T41: 1.471 | U41: 1.393 | V41: 1.34 | W41: 1.478 | X41: ㎥ | Y41: 2023 | Z41: =VLOOKUP($E41,'[1]5-2. Emission Facility'!$B$7:$D$16,2,0) -> Vehicle | AA41: =VLOOKUP($Z41,'[1]5-2. Emission Facility'!$C$7:$D$16,2,0) -> Mobile combustion | AB41: =IF($C41="","",IF(VLOOKUP($C41,'[1]1. General Facility Information'!$C$7:$E$13,3,0)="Korea",'Scope 1'!$I41,INDEX('[1]5-1. Fuel Density'!$B$6:$B$18,MATCH('Scope 1'!$I41,'[1]5-1. Fuel Density'!$C$6:$C$18,0)))) -> Automotive gasoline (petrol) | AC41: =IF(OR($X41="㎥",$X41="kg"),$L41,"") -> 1.377 | AD41: =IF(OR($X41="㎥",$X41="kg"),M41,"") -> 1.575 | AE41: =IF(OR($X41="㎥",$X41="kg"),N41,"") -> 2.02 | AF41: =IF(OR($X41="㎥",$X41="kg"),O41,"") -> 0.913 | AG41: =IF(OR($X41="㎥",$X41="kg"),P41,"") -> 1.739 | AH41: =IF(OR($X41="㎥",$X41="kg"),Q41,"") -> 1.78 | AI41: =IF(OR($X41="㎥",$X41="kg"),R41,"") -> 1.857 | AJ41: =IF(OR($X41="㎥",$X41="kg"),S41,"") -> 1.751 | AK41: =IF(OR($X41="㎥",$X41="kg"),T41,"") -> 1.471 | ... AN41: =IF(OR($X41="㎥",$X41="kg"),W41,"") -> 1.478 | AO41: =IF(SUM(AC41:AN41)-AP41=0,"","X") | AP41: =IF(OR($X41="㎥",$X41="kg"),$K41,"") -> 18.694 | AQ41: =IF(OR($X41="㎥",$X41="kg"),$X41,"") -> ㎥ | AR41: =IF($C41="","",$AP41*IF($AQ41="㎥",VLOOKUP('Scope 1'!AQ41,'[1]5-3. Unit Conversion'!$B$5:$J$13,3,FALSE)*VLOOKUP('Scope 1'!AB41,'[1]5-1. Fuel Density'!$B$6:$D$18,3,FALSE)*1000,IF($AQ41="kg",VLOOKUP('Scope 1'!AQ41,'[1]5-3. Unit Conversion'!$B$16:$G$21,3,FALSE),0))) -> 13852.254 | AS41: =IFERROR(IF($AB41="","",IF(VLOOKUP($AB41,'[1]5-1. Fuel Density'!$B$6:$G$19,6,0)="Use of other GHGs",0,IF($AB41="Industrial Wastes",$AR41*'[1]5-4. Calorific&Emission factor'!$R$75,$AR41*VLOOKUP($AB41,'[1]5-4. Calorific&Emission factor'!$P$9:$R$74,3,FALSE)))),0) -> 613654.85 | AT41: =IF($AB41="","",IF(OR($AB41="Hydrofluorocarbons(HFCs)",$AB41="ETC"),$AR41*VLOOKUP($J41,'[1]5-4. Calorific&Emission factor'!$B$10:$D$14,3,0)/1000,IF(VLOOKUP($AB41,'[1]5-1. Fuel Density'!$B$6:$G$19,6,0)="Use of other GHGs",$AU41/1000,(($AU41*'[1]5-4. Calorific&Emission factor'!$D$7)+($AV41*'[1]5-4. Calorific&Emission factor'!$D$8)+($AW41*'[1]5-4. Calorific&Emission factor'!$D$9))/1000))) -> 42.676504 | AU41: =IF($AB41="","",IF(VLOOKUP($AB41,'[1]5-1. Fuel Density'!$B$6:$G$19,6,0)="Use of other GHGs",$AR41*VLOOKUP($AB41,'[1]5-4. Calorific&Emission factor'!$O$9:$Y$74,5,FALSE)/1000000,$AS41*VLOOKUP($AB41,'[1]5-4. Calorific&Emission factor'!$P$9:$Y$74,4,FALSE)/1000000)) -> 42526.281 | AV41: =IF($AB41="","",IF(VLOOKUP($AB41,'[1]5-1. Fuel Density'!$B$6:$G$19,6,0)="Use of other GHGs",0,$AS41*VLOOKUP($AB41,'[1]5-4. Calorific&Emission factor'!$P$9:$Y$74,6,FALSE)/1000000)) -> 1.8409646 | AW41: =IF($AB41="","",IF(VLOOKUP($AB41,'[1]5-1. Fuel Density'!$B$6:$G$19,6,0)="Use of other GHGs",0,$AS41*VLOOKUP($AB41,'[1]5-4. Calorific&Emission factor'!$P$9:$Y$74,9,FALSE)/1000000)) -> 0.36819291
B42: 37 | C42: PT. YONGJIN JAVASUKA GARMENT | D42: PT. YONGJIN JAVASUKA GARMENT (1공장) | E42: Car | F42: Fuel | G42: Mobile combustion | I42: Automotive gasoline/diesel oil | J42: GASOLINE | K42: 64.39311 | L42: 4.73483 | M42: 4.51806 | N42: 6.04996 | O42: 5.24741 | P42: 5.5624 | Q42: 5.82303 | R42: 7.58519 | S42: 5.65642 | T42: 5.09603 | U42: 4.55048 | V42: 4.46446 | W42: 5.10484 | X42: ㎥ | Y42: 2023 | Z42: =VLOOKUP($E42,'[1]5-2. Emission Facility'!$B$7:$D$16,2,0) -> Vehicle | AA42: =VLOOKUP($Z42,'[1]5-2. Emission Facility'!$C$7:$D$16,2,0) -> Mobile combustion | AB42: =IF($C42="","",IF(VLOOKUP($C42,'[1]1. General Facility Information'!$C$7:$E$13,3,0)="Korea",'Scope 1'!$I42,INDEX('[1]5-1. Fuel Density'!$B$6:$B$18,MATCH('Scope 1'!$I42,'[1]5-1. Fuel Density'!$C$6:$C$18,0)))) -> Automotive gasoline (petrol) | AC42: =IF(OR($X42="㎥",$X42="kg"),$L42,"") -> 4.73483 | AD42: =IF(OR($X42="㎥",$X42="kg"),M42,"") -> 4.51806 | AE42: =IF(OR($X42="㎥",$X42="kg"),N42,"") -> 6.04996 | AF42: =IF(OR($X42="㎥",$X42="kg"),O42,"") -> 5.24741 | AG42: =IF(OR($X42="㎥",$X42="kg"),P42,"") -> 5.5624 | AH42: =IF(OR($X42="㎥",$X42="kg"),Q42,"") -> 5.82303 | AI42: =IF(OR($X42="㎥",$X42="kg"),R42,"") -> 7.58519 | AJ42: =IF(OR($X42="㎥",$X42="kg"),S42,"") -> 5.65642 | AK42: =IF(OR($X42="㎥",$X42="kg"),T42,"") -> 5.09603 | ... AN42: =IF(OR($X42="㎥",$X42="kg"),W42,"") -> 5.10484 | AO42: =IF(SUM(AC42:AN42)-AP42=0,"","X") | AP42: =IF(OR($X42="㎥",$X42="kg"),$K42,"") -> 64.39311 | AQ42: =IF(OR($X42="㎥",$X42="kg"),$X42,"") -> ㎥ | AR42: =IF($C42="","",$AP42*IF($AQ42="㎥",VLOOKUP('Scope 1'!AQ42,'[1]5-3. Unit Conversion'!$B$5:$J$13,3,FALSE)*VLOOKUP('Scope 1'!AB42,'[1]5-1. Fuel Density'!$B$6:$D$18,3,FALSE)*1000,IF($AQ42="kg",VLOOKUP('Scope 1'!AQ42,'[1]5-3. Unit Conversion'!$B$16:$G$21,3,FALSE),0))) -> 47715.295 | AS42: =IFERROR(IF($AB42="","",IF(VLOOKUP($AB42,'[1]5-1. Fuel Density'!$B$6:$G$19,6,0)="Use of other GHGs",0,IF($AB42="Industrial Wastes",$AR42*'[1]5-4. Calorific&Emission factor'!$R$75,$AR42*VLOOKUP($AB42,'[1]5-4. Calorific&Emission factor'!$P$9:$R$74,3,FALSE)))),0) -> 2113787.5 | AT42: =IF($AB42="","",IF(OR($AB42="Hydrofluorocarbons(HFCs)",$AB42="ETC"),$AR42*VLOOKUP($J42,'[1]5-4. Calorific&Emission factor'!$B$10:$D$14,3,0)/1000,IF(VLOOKUP($AB42,'[1]5-1. Fuel Density'!$B$6:$G$19,6,0)="Use of other GHGs",$AU42/1000,(($AU42*'[1]5-4. Calorific&Emission factor'!$D$7)+($AV42*'[1]5-4. Calorific&Emission factor'!$D$8)+($AW42*'[1]5-4. Calorific&Emission factor'!$D$9))/1000))) -> 147.00293 | AU42: =IF($AB42="","",IF(VLOOKUP($AB42,'[1]5-1. Fuel Density'!$B$6:$G$19,6,0)="Use of other GHGs",$AR42*VLOOKUP($AB42,'[1]5-4. Calorific&Emission factor'!$O$9:$Y$74,5,FALSE)/1000000,$AS42*VLOOKUP($AB42,'[1]5-4. Calorific&Emission factor'!$P$9:$Y$74,4,FALSE)/1000000)) -> 146485.48 | AV42: =IF($AB42="","",IF(VLOOKUP($AB42,'[1]5-1. Fuel Density'!$B$6:$G$19,6,0)="Use of other GHGs",0,$AS42*VLOOKUP($AB42,'[1]5-4. Calorific&Emission factor'!$P$9:$Y$74,6,FALSE)/1000000)) -> 6.3413626 | AW42: =IF($AB42="","",IF(VLOOKUP($AB42,'[1]5-1. Fuel Density'!$B$6:$G$19,6,0)="Use of other GHGs",0,$AS42*VLOOKUP($AB42,'[1]5-4. Calorific&Emission factor'!$P$9:$Y$74,9,FALSE)/1000000)) -> 1.2682725
B43: 38 | C43: PT. YONGJIN JAVASUKA GARMENT | D43: PT. YONGJIN JAVASUKA GARMENT (2,3공장) | E43: Mess | F43: Fuel | G43: Stationary combustion | I43: Liquefied Petroleum Gas (LPG) | J43: LPG 12 KG & CAN 230 GR | K43: 1393.88 | L43: 147.45 | M43: 122.88 | N43: 147.45 | O43: 98.3 | Q43: 147.45 | R43: 144 | S43: 147.45 | U43: 144 | V43: 147.45 | W43: 147.45 | X43: kg | Y43: 2023 | Z43: =VLOOKUP($E43,'[1]5-2. Emission Facility'!$B$7:$D$16,2,0) -> Mess | AA43: =VLOOKUP($Z43,'[1]5-2. Emission Facility'!$C$7:$D$16,2,0) -> Others | AB43: =IF($C43="","",IF(VLOOKUP($C43,'[1]1. General Facility Information'!$C$7:$E$13,3,0)="Korea",'Scope 1'!$I43,INDEX('[1]5-1. Fuel Density'!$B$6:$B$18,MATCH('Scope 1'!$I43,'[1]5-1. Fuel Density'!$C$6:$C$18,0)))) -> Liquefied Petroleum Gas (LPG) | AC43: =IF(OR($X43="㎥",$X43="kg"),$L43,"") -> 147.45 | AD43: =IF(OR($X43="㎥",$X43="kg"),M43,"") -> 122.88 | AE43: =IF(OR($X43="㎥",$X43="kg"),N43,"") -> 147.45 | AF43: =IF(OR($X43="㎥",$X43="kg"),O43,"") -> 98.3 | AG43: =IF(OR($X43="㎥",$X43="kg"),P43,"") -> 0 | AH43: =IF(OR($X43="㎥",$X43="kg"),Q43,"") -> 147.45 | AI43: =IF(OR($X43="㎥",$X43="kg"),R43,"") -> 144 | AJ43: =IF(OR($X43="㎥",$X43="kg"),S43,"") -> 147.45 | AK43: =IF(OR($X43="㎥",$X43="kg"),T43,"") -> 0 | ... AN43: =IF(OR($X43="㎥",$X43="kg"),W43,"") -> 147.45 | AO43: =IF(SUM(AC43:AN43)-AP43=0,"","X") | AP43: =IF(OR($X43="㎥",$X43="kg"),$K43,"") -> 1393.88 | AQ43: =IF(OR($X43="㎥",$X43="kg"),$X43,"") -> kg | AR43: =IF($C43="","",$AP43*IF($AQ43="㎥",VLOOKUP('Scope 1'!AQ43,'[1]5-3. Unit Conversion'!$B$5:$J$13,3,FALSE)*VLOOKUP('Scope 1'!AB43,'[1]5-1. Fuel Density'!$B$6:$D$18,3,FALSE)*1000,IF($AQ43="kg",VLOOKUP('Scope 1'!AQ43,'[1]5-3. Unit Conversion'!$B$16:$G$21,3,FALSE),0))) -> 1393.88 | AS43: =IFERROR(IF($AB43="","",IF(VLOOKUP($AB43,'[1]5-1. Fuel Density'!$B$6:$G$19,6,0)="Use of other GHGs",0,IF($AB43="Industrial Wastes",$AR43*'[1]5-4. Calorific&Emission factor'!$R$75,$AR43*VLOOKUP($AB43,'[1]5-4. Calorific&Emission factor'!$P$9:$R$74,3,FALSE)))),0) -> 65930.524 | AT43: =IF($AB43="","",IF(OR($AB43="Hydrofluorocarbons(HFCs)",$AB43="ETC"),$AR43*VLOOKUP($J43,'[1]5-4. Calorific&Emission factor'!$B$10:$D$14,3,0)/1000,IF(VLOOKUP($AB43,'[1]5-1. Fuel Density'!$B$6:$G$19,6,0)="Use of other GHGs",$AU43/1000,(($AU43*'[1]5-4. Calorific&Emission factor'!$D$7)+($AV43*'[1]5-4. Calorific&Emission factor'!$D$8)+($AW43*'[1]5-4. Calorific&Emission factor'!$D$9))/1000))) -> 4.1637961 | AU43: =IF($AB43="","",IF(VLOOKUP($AB43,'[1]5-1. Fuel Density'!$B$6:$G$19,6,0)="Use of other GHGs",$AR43*VLOOKUP($AB43,'[1]5-4. Calorific&Emission factor'!$O$9:$Y$74,5,FALSE)/1000000,$AS43*VLOOKUP($AB43,'[1]5-4. Calorific&Emission factor'!$P$9:$Y$74,4,FALSE)/1000000)) -> 4160.2161 | AV43: =IF($AB43="","",IF(VLOOKUP($AB43,'[1]5-1. Fuel Density'!$B$6:$G$19,6,0)="Use of other GHGs",0,$AS43*VLOOKUP($AB43,'[1]5-4. Calorific&Emission factor'!$P$9:$Y$74,6,FALSE)/1000000)) -> 0.065930524 | AW43: =IF($AB43="","",IF(VLOOKUP($AB43,'[1]5-1. Fuel Density'!$B$6:$G$19,6,0)="Use of other GHGs",0,$AS43*VLOOKUP($AB43,'[1]5-4. Calorific&Emission factor'!$P$9:$Y$74,9,FALSE)/1000000)) -> 0.0065930524
B44: 39 | C44: PT. YONGJIN JAVASUKA GARMENT | D44: PT. YONGJIN JAVASUKA GARMENT (2,3공장) | E44: Generator | F44: Fuel | G44: Stationary combustion | I44: Gas / Diesel oil | J44: SOLAR | K44: 36.625 | L44: 2.45 | M44: 0.5 | N44: 2.9 | O44: 1.4 | P44: 0.625 | Q44: 10.6 | R44: 2.425 | S44: 0.5 | T44: 0.5 | U44: 7.725 | V44: 6.4 | W44: 0.6 | X44: ㎥ | Y44: 2023 | Z44: =VLOOKUP($E44,'[1]5-2. Emission Facility'!$B$7:$D$16,2,0) -> Generator | AA44: =VLOOKUP($Z44,'[1]5-2. Emission Facility'!$C$7:$D$16,2,0) -> Stationary Combustion | AB44: =IF($C44="","",IF(VLOOKUP($C44,'[1]1. General Facility Information'!$C$7:$E$13,3,0)="Korea",'Scope 1'!$I44,INDEX('[1]5-1. Fuel Density'!$B$6:$B$18,MATCH('Scope 1'!$I44,'[1]5-1. Fuel Density'!$C$6:$C$18,0)))) -> Gas / Diesel oil | AC44: =IF(OR($X44="㎥",$X44="kg"),$L44,"") -> 2.45 | AD44: =IF(OR($X44="㎥",$X44="kg"),M44,"") -> 0.5 | AE44: =IF(OR($X44="㎥",$X44="kg"),N44,"") -> 2.9 | AF44: =IF(OR($X44="㎥",$X44="kg"),O44,"") -> 1.4 | AG44: =IF(OR($X44="㎥",$X44="kg"),P44,"") -> 0.625 | AH44: =IF(OR($X44="㎥",$X44="kg"),Q44,"") -> 10.6 | AI44: =IF(OR($X44="㎥",$X44="kg"),R44,"") -> 2.425 | AJ44: =IF(OR($X44="㎥",$X44="kg"),S44,"") -> 0.5 | AK44: =IF(OR($X44="㎥",$X44="kg"),T44,"") -> 0.5 | ... AN44: =IF(OR($X44="㎥",$X44="kg"),W44,"") -> 0.6 | AO44: =IF(SUM(AC44:AN44)-AP44=0,"","X") | AP44: =IF(OR($X44="㎥",$X44="kg"),$K44,"") -> 36.625 | AQ44: =IF(OR($X44="㎥",$X44="kg"),$X44,"") -> ㎥ | AR44: =IF($C44="","",$AP44*IF($AQ44="㎥",VLOOKUP('Scope 1'!AQ44,'[1]5-3. Unit Conversion'!$B$5:$J$13,3,FALSE)*VLOOKUP('Scope 1'!AB44,'[1]5-1. Fuel Density'!$B$6:$D$18,3,FALSE)*1000,IF($AQ44="kg",VLOOKUP('Scope 1'!AQ44,'[1]5-3. Unit Conversion'!$B$16:$G$21,3,FALSE),0))) -> 30911.5 | AS44: =IFERROR(IF($AB44="","",IF(VLOOKUP($AB44,'[1]5-1. Fuel Density'!$B$6:$G$19,6,0)="Use of other GHGs",0,IF($AB44="Industrial Wastes",$AR44*'[1]5-4. Calorific&Emission factor'!$R$75,$AR44*VLOOKUP($AB44,'[1]5-4. Calorific&Emission factor'!$P$9:$R$74,3,FALSE)))),0) -> 1329194.5 | AT44: =IF($AB44="","",IF(OR($AB44="Hydrofluorocarbons(HFCs)",$AB44="ETC"),$AR44*VLOOKUP($J44,'[1]5-4. Calorific&Emission factor'!$B$10:$D$14,3,0)/1000,IF(VLOOKUP($AB44,'[1]5-1. Fuel Density'!$B$6:$G$19,6,0)="Use of other GHGs",$AU44/1000,(($AU44*'[1]5-4. Calorific&Emission factor'!$D$7)+($AV44*'[1]5-4. Calorific&Emission factor'!$D$8)+($AW44*'[1]5-4. Calorific&Emission factor'!$D$9))/1000))) -> 98.818699 | AU44: =IF($AB44="","",IF(VLOOKUP($AB44,'[1]5-1. Fuel Density'!$B$6:$G$19,6,0)="Use of other GHGs",$AR44*VLOOKUP($AB44,'[1]5-4. Calorific&Emission factor'!$O$9:$Y$74,5,FALSE)/1000000,$AS44*VLOOKUP($AB44,'[1]5-4. Calorific&Emission factor'!$P$9:$Y$74,4,FALSE)/1000000)) -> 98493.312 | AV44: =IF($AB44="","",IF(VLOOKUP($AB44,'[1]5-1. Fuel Density'!$B$6:$G$19,6,0)="Use of other GHGs",0,$AS44*VLOOKUP($AB44,'[1]5-4. Calorific&Emission factor'!$P$9:$Y$74,6,FALSE)/1000000)) -> 3.9875835 | AW44: =IF($AB44="","",IF(VLOOKUP($AB44,'[1]5-1. Fuel Density'!$B$6:$G$19,6,0)="Use of other GHGs",0,$AS44*VLOOKUP($AB44,'[1]5-4. Calorific&Emission factor'!$P$9:$Y$74,9,FALSE)/1000000)) -> 0.7975167
B45: 40 | C45: PT. YONGJIN JAVASUKA GARMENT | D45: PT. YONGJIN JAVASUKA GARMENT (2,3공장) | E45: Boiler | F45: Fuel | G45: Stationary combustion | I45: Industrial Wastes | J45: FABRIC WASTE FROM CUTTING | K45: 597806.06 | L45: 47367.385 | M45: 53727.188 | N45: 57060.645 | O45: 29822.158 | P45: 60202.797 | Q45: 63170.111 | R45: 60968.886 | S45: 45658.959 | T45: 44183.403 | U45: 56046.531 | V45: 37346.648 | W45: 42251.347 | X45: kg | Y45: 2023 | Z45: =VLOOKUP($E45,'[1]5-2. Emission Facility'!$B$7:$D$16,2,0) -> Boiler | AA45: =VLOOKUP($Z45,'[1]5-2. Emission Facility'!$C$7:$D$16,2,0) -> Stationary Combustion | AB45: =IF($C45="","",IF(VLOOKUP($C45,'[1]1. General Facility Information'!$C$7:$E$13,3,0)="Korea",'Scope 1'!$I45,INDEX('[1]5-1. Fuel Density'!$B$6:$B$18,MATCH('Scope 1'!$I45,'[1]5-1. Fuel Density'!$C$6:$C$18,0)))) -> Industrial Wastes | AC45: =IF(OR($X45="㎥",$X45="kg"),$L45,"") -> 47367.385 | AD45: =IF(OR($X45="㎥",$X45="kg"),M45,"") -> 53727.188 | AE45: =IF(OR($X45="㎥",$X45="kg"),N45,"") -> 57060.645 | AF45: =IF(OR($X45="㎥",$X45="kg"),O45,"") -> 29822.158 | AG45: =IF(OR($X45="㎥",$X45="kg"),P45,"") -> 60202.797 | AH45: =IF(OR($X45="㎥",$X45="kg"),Q45,"") -> 63170.111 | AI45: =IF(OR($X45="㎥",$X45="kg"),R45,"") -> 60968.886 | AJ45: =IF(OR($X45="㎥",$X45="kg"),S45,"") -> 45658.959 | AK45: =IF(OR($X45="㎥",$X45="kg"),T45,"") -> 44183.403 | ... AN45: =IF(OR($X45="㎥",$X45="kg"),W45,"") -> 42251.347 | AO45: =IF(SUM(AC45:AN45)-AP45=0,"","X") | AP45: =IF(OR($X45="㎥",$X45="kg"),$K45,"") -> 597806.06 | AQ45: =IF(OR($X45="㎥",$X45="kg"),$X45,"") -> kg | AR45: =IF($C45="","",$AP45*IF($AQ45="㎥",VLOOKUP('Scope 1'!AQ45,'[1]5-3. Unit Conversion'!$B$5:$J$13,3,FALSE)*VLOOKUP('Scope 1'!AB45,'[1]5-1. Fuel Density'!$B$6:$D$18,3,FALSE)*1000,IF($AQ45="kg",VLOOKUP('Scope 1'!AQ45,'[1]5-3. Unit Conversion'!$B$16:$G$21,3,FALSE),0))) -> 597806.06 | AS45: =IFERROR(IF($AB45="","",IF(VLOOKUP($AB45,'[1]5-1. Fuel Density'!$B$6:$G$19,6,0)="Use of other GHGs",0,IF($AB45="Industrial Wastes",$AR45*'[1]5-4. Calorific&Emission factor'!$R$75,$AR45*VLOOKUP($AB45,'[1]5-4. Calorific&Emission factor'!$P$9:$R$74,3,FALSE)))),0) -> 13006356 | AT45: =IF($AB45="","",IF(OR($AB45="Hydrofluorocarbons(HFCs)",$AB45="ETC"),$AR45*VLOOKUP($J45,'[1]5-4. Calorific&Emission factor'!$B$10:$D$14,3,0)/1000,IF(VLOOKUP($AB45,'[1]5-1. Fuel Density'!$B$6:$G$19,6,0)="Use of other GHGs",$AU45/1000,(($AU45*'[1]5-4. Calorific&Emission factor'!$D$7)+($AV45*'[1]5-4. Calorific&Emission factor'!$D$8)+($AW45*'[1]5-4. Calorific&Emission factor'!$D$9))/1000))) -> 1884.647 | AU45: =IF($AB45="","",IF(VLOOKUP($AB45,'[1]5-1. Fuel Density'!$B$6:$G$19,6,0)="Use of other GHGs",$AR45*VLOOKUP($AB45,'[1]5-4. Calorific&Emission factor'!$O$9:$Y$74,5,FALSE)/1000000,$AS45*VLOOKUP($AB45,'[1]5-4. Calorific&Emission factor'!$P$9:$Y$74,4,FALSE)/1000000)) -> 1859908.9 | AV45: =IF($AB45="","",IF(VLOOKUP($AB45,'[1]5-1. Fuel Density'!$B$6:$G$19,6,0)="Use of other GHGs",0,$AS45*VLOOKUP($AB45,'[1]5-4. Calorific&Emission factor'!$P$9:$Y$74,6,FALSE)/1000000)) -> 390.19068 | AW45: =IF($AB45="","",IF(VLOOKUP($AB45,'[1]5-1. Fuel Density'!$B$6:$G$19,6,0)="Use of other GHGs",0,$AS45*VLOOKUP($AB45,'[1]5-4. Calorific&Emission factor'!$P$9:$Y$74,9,FALSE)/1000000)) -> 52.025424
B46: 41 | C46: PT. YONGJIN JAVASUKA GARMENT | D46: PT. YONGJIN JAVASUKA GARMENT (2,3공장) | E46: AC | F46: RawMaterial | G46: Others | I46: Hydrofluorocarbons(HFCs) | J46: HFC-410A | K46: 56.5 | O46: 11.3 | Q46: 11.3 | T46: 11.3 | V46: 22.6 | X46: kg | Y46: 2023 | Z46: =VLOOKUP($E46,'[1]5-2. Emission Facility'!$B$7:$D$16,2,0) -> AC | AA46: =VLOOKUP($Z46,'[1]5-2. Emission Facility'!$C$7:$D$16,2,0) -> Process Emissions | AB46: =IF($C46="","",IF(VLOOKUP($C46,'[1]1. General Facility Information'!$C$7:$E$13,3,0)="Korea",'Scope 1'!$I46,INDEX('[1]5-1. Fuel Density'!$B$6:$B$18,MATCH('Scope 1'!$I46,'[1]5-1. Fuel Density'!$C$6:$C$18,0)))) -> Hydrofluorocarbons(HFCs) | AC46: =IF(OR($X46="㎥",$X46="kg"),$L46,"") -> 0 | AD46: =IF(OR($X46="㎥",$X46="kg"),M46,"") -> 0 | AE46: =IF(OR($X46="㎥",$X46="kg"),N46,"") -> 0 | AF46: =IF(OR($X46="㎥",$X46="kg"),O46,"") -> 11.3 | AG46: =IF(OR($X46="㎥",$X46="kg"),P46,"") -> 0 | AH46: =IF(OR($X46="㎥",$X46="kg"),Q46,"") -> 11.3 | AI46: =IF(OR($X46="㎥",$X46="kg"),R46,"") -> 0 | AJ46: =IF(OR($X46="㎥",$X46="kg"),S46,"") -> 0 | AK46: =IF(OR($X46="㎥",$X46="kg"),T46,"") -> 11.3 | ... AN46: =IF(OR($X46="㎥",$X46="kg"),W46,"") -> 0 | AO46: =IF(SUM(AC46:AN46)-AP46=0,"","X") | AP46: =IF(OR($X46="㎥",$X46="kg"),$K46,"") -> 56.5 | AQ46: =IF(OR($X46="㎥",$X46="kg"),$X46,"") -> kg | AR46: =IF($C46="","",$AP46*IF($AQ46="㎥",VLOOKUP('Scope 1'!AQ46,'[1]5-3. Unit Conversion'!$B$5:$J$13,3,FALSE)*VLOOKUP('Scope 1'!AB46,'[1]5-1. Fuel Density'!$B$6:$D$18,3,FALSE)*1000,IF($AQ46="kg",VLOOKUP('Scope 1'!AQ46,'[1]5-3. Unit Conversion'!$B$16:$G$21,3,FALSE),0))) -> 56.5 | AS46: =IFERROR(IF($AB46="","",IF(VLOOKUP($AB46,'[1]5-1. Fuel Density'!$B$6:$G$19,6,0)="Use of other GHGs",0,IF($AB46="Industrial Wastes",$AR46*'[1]5-4. Calorific&Emission factor'!$R$75,$AR46*VLOOKUP($AB46,'[1]5-4. Calorific&Emission factor'!$P$9:$R$74,3,FALSE)))),0) -> 0 | AT46: =IF($AB46="","",IF(OR($AB46="Hydrofluorocarbons(HFCs)",$AB46="ETC"),$AR46*VLOOKUP($J46,'[1]5-4. Calorific&Emission factor'!$B$10:$D$14,3,0)/1000,IF(VLOOKUP($AB46,'[1]5-1. Fuel Density'!$B$6:$G$19,6,0)="Use of other GHGs",$AU46/1000,(($AU46*'[1]5-4. Calorific&Emission factor'!$D$7)+($AV46*'[1]5-4. Calorific&Emission factor'!$D$8)+($AW46*'[1]5-4. Calorific&Emission factor'!$D$9))/1000))) -> 127.43575 | AU46: =IF($AB46="","",IF(VLOOKUP($AB46,'[1]5-1. Fuel Density'!$B$6:$G$19,6,0)="Use of other GHGs",$AR46*VLOOKUP($AB46,'[1]5-4. Calorific&Emission factor'!$O$9:$Y$74,5,FALSE)/1000000,$AS46*VLOOKUP($AB46,'[1]5-4. Calorific&Emission factor'!$P$9:$Y$74,4,FALSE)/1000000)) -> 0 | AV46: =IF($AB46="","",IF(VLOOKUP($AB46,'[1]5-1. Fuel Density'!$B$6:$G$19,6,0)="Use of other GHGs",0,$AS46*VLOOKUP($AB46,'[1]5-4. Calorific&Emission factor'!$P$9:$Y$74,6,FALSE)/1000000)) -> 0 | AW46: =IF($AB46="","",IF(VLOOKUP($AB46,'[1]5-1. Fuel Density'!$B$6:$G$19,6,0)="Use of other GHGs",0,$AS46*VLOOKUP($AB46,'[1]5-4. Calorific&Emission factor'!$P$9:$Y$74,9,FALSE)/1000000)) -> 0
B47: 42 | C47: PT. YONGJIN JAVASUKA GARMENT | D47: PT. YONGJIN JAVASUKA GARMENT (2,3공장) | E47: AC | F47: RawMaterial | G47: Others | I47: ETC | J47: HCFC-22 | K47: 27.2 | V47: 13.6 | W47: 13.6 | X47: kg | Y47: 2023 | Z47: =VLOOKUP($E47,'[1]5-2. Emission Facility'!$B$7:$D$16,2,0) -> AC | AA47: =VLOOKUP($Z47,'[1]5-2. Emission Facility'!$C$7:$D$16,2,0) -> Process Emissions | AB47: =IF($C47="","",IF(VLOOKUP($C47,'[1]1. General Facility Information'!$C$7:$E$13,3,0)="Korea",'Scope 1'!$I47,INDEX('[1]5-1. Fuel Density'!$B$6:$B$18,MATCH('Scope 1'!$I47,'[1]5-1. Fuel Density'!$C$6:$C$18,0)))) -> Hydrofluorocarbons(HFCs) | AC47: =IF(OR($X47="㎥",$X47="kg"),$L47,"") -> 0 | AD47: =IF(OR($X47="㎥",$X47="kg"),M47,"") -> 0 | AE47: =IF(OR($X47="㎥",$X47="kg"),N47,"") -> 0 | AF47: =IF(OR($X47="㎥",$X47="kg"),O47,"") -> 0 | AG47: =IF(OR($X47="㎥",$X47="kg"),P47,"") -> 0 | AH47: =IF(OR($X47="㎥",$X47="kg"),Q47,"") -> 0 | AI47: =IF(OR($X47="㎥",$X47="kg"),R47,"") -> 0 | AJ47: =IF(OR($X47="㎥",$X47="kg"),S47,"") -> 0 | AK47: =IF(OR($X47="㎥",$X47="kg"),T47,"") -> 0 | ... AN47: =IF(OR($X47="㎥",$X47="kg"),W47,"") -> 13.6 | AO47: =IF(SUM(AC47:AN47)-AP47=0,"","X") | AP47: =IF(OR($X47="㎥",$X47="kg"),$K47,"") -> 27.2 | AQ47: =IF(OR($X47="㎥",$X47="kg"),$X47,"") -> kg | AR47: =IF($C47="","",$AP47*IF($AQ47="㎥",VLOOKUP('Scope 1'!AQ47,'[1]5-3. Unit Conversion'!$B$5:$J$13,3,FALSE)*VLOOKUP('Scope 1'!AB47,'[1]5-1. Fuel Density'!$B$6:$D$18,3,FALSE)*1000,IF($AQ47="kg",VLOOKUP('Scope 1'!AQ47,'[1]5-3. Unit Conversion'!$B$16:$G$21,3,FALSE),0))) -> 27.2 | AS47: =IFERROR(IF($AB47="","",IF(VLOOKUP($AB47,'[1]5-1. Fuel Density'!$B$6:$G$19,6,0)="Use of other GHGs",0,IF($AB47="Industrial Wastes",$AR47*'[1]5-4. Calorific&Emission factor'!$R$75,$AR47*VLOOKUP($AB47,'[1]5-4. Calorific&Emission factor'!$P$9:$R$74,3,FALSE)))),0) -> 0 | AT47: =IF($AB47="","",IF(OR($AB47="Hydrofluorocarbons(HFCs)",$AB47="ETC"),$AR47*VLOOKUP($J47,'[1]5-4. Calorific&Emission factor'!$B$10:$D$14,3,0)/1000,IF(VLOOKUP($AB47,'[1]5-1. Fuel Density'!$B$6:$G$19,6,0)="Use of other GHGs",$AU47/1000,(($AU47*'[1]5-4. Calorific&Emission factor'!$D$7)+($AV47*'[1]5-4. Calorific&Emission factor'!$D$8)+($AW47*'[1]5-4. Calorific&Emission factor'!$D$9))/1000))) -> 53.312 | AU47: =IF($AB47="","",IF(VLOOKUP($AB47,'[1]5-1. Fuel Density'!$B$6:$G$19,6,0)="Use of other GHGs",$AR47*VLOOKUP($AB47,'[1]5-4. Calorific&Emission factor'!$O$9:$Y$74,5,FALSE)/1000000,$AS47*VLOOKUP($AB47,'[1]5-4. Calorific&Emission factor'!$P$9:$Y$74,4,FALSE)/1000000)) -> 0 | AV47: =IF($AB47="","",IF(VLOOKUP($AB47,'[1]5-1. Fuel Density'!$B$6:$G$19,6,0)="Use of other GHGs",0,$AS47*VLOOKUP($AB47,'[1]5-4. Calorific&Emission factor'!$P$9:$Y$74,6,FALSE)/1000000)) -> 0 | AW47: =IF($AB47="","",IF(VLOOKUP($AB47,'[1]5-1. Fuel Density'!$B$6:$G$19,6,0)="Use of other GHGs",0,$AS47*VLOOKUP($AB47,'[1]5-4. Calorific&Emission factor'!$P$9:$Y$74,9,FALSE)/1000000)) -> 0
B48: 43 | C48: PT. YONGJIN JAVASUKA GARMENT | D48: PT. YONGJIN JAVASUKA GARMENT (2,3공장) | E48: AC | F48: RawMaterial | G48: Others | I48: Hydrofluorocarbons(HFCs) | J48: HFC-32 | K48: 10 | V48: 10 | X48: kg | Y48: 2023 | Z48: =VLOOKUP($E48,'[1]5-2. Emission Facility'!$B$7:$D$16,2,0) -> AC | AA48: =VLOOKUP($Z48,'[1]5-2. Emission Facility'!$C$7:$D$16,2,0) -> Process Emissions | AB48: =IF($C48="","",IF(VLOOKUP($C48,'[1]1. General Facility Information'!$C$7:$E$13,3,0)="Korea",'Scope 1'!$I48,INDEX('[1]5-1. Fuel Density'!$B$6:$B$18,MATCH('Scope 1'!$I48,'[1]5-1. Fuel Density'!$C$6:$C$18,0)))) -> Hydrofluorocarbons(HFCs) | AP48: =IF(OR($X48="㎥",$X48="kg"),$K48,"") -> 10 | AQ48: =IF(OR($X48="㎥",$X48="kg"),$X48,"") -> kg | AR48: =IF($C48="","",$AP48*IF($AQ48="㎥",VLOOKUP('Scope 1'!AQ48,'[1]5-3. Unit Conversion'!$B$5:$J$13,3,FALSE)*VLOOKUP('Scope 1'!AB48,'[1]5-1. Fuel Density'!$B$6:$D$18,3,FALSE)*1000,IF($AQ48="kg",VLOOKUP('Scope 1'!AQ48,'[1]5-3. Unit Conversion'!$B$16:$G$21,3,FALSE),0))) -> 10 | AS48: =IFERROR(IF($AB48="","",IF(VLOOKUP($AB48,'[1]5-1. Fuel Density'!$B$6:$G$19,6,0)="Use of other GHGs",0,IF($AB48="Industrial Wastes",$AR48*'[1]5-4. Calorific&Emission factor'!$R$75,$AR48*VLOOKUP($AB48,'[1]5-4. Calorific&Emission factor'!$P$9:$R$74,3,FALSE)))),0) -> 0 | AT48: =IF($AB48="","",IF(OR($AB48="Hydrofluorocarbons(HFCs)",$AB48="ETC"),$AR48*VLOOKUP($J48,'[1]5-4. Calorific&Emission factor'!$B$10:$D$14,3,0)/1000,IF(VLOOKUP($AB48,'[1]5-1. Fuel Density'!$B$6:$G$19,6,0)="Use of other GHGs",$AU48/1000,(($AU48*'[1]5-4. Calorific&Emission factor'!$D$7)+($AV48*'[1]5-4. Calorific&Emission factor'!$D$8)+($AW48*'[1]5-4. Calorific&Emission factor'!$D$9))/1000))) -> 7.71 | AU48: =IF($AB48="","",IF(VLOOKUP($AB48,'[1]5-1. Fuel Density'!$B$6:$G$19,6,0)="Use of other GHGs",$AR48*VLOOKUP($AB48,'[1]5-4. Calorific&Emission factor'!$O$9:$Y$74,5,FALSE)/1000000,$AS48*VLOOKUP($AB48,'[1]5-4. Calorific&Emission factor'!$P$9:$Y$74,4,FALSE)/1000000)) -> 0 | AV48: =IF($AB48="","",IF(VLOOKUP($AB48,'[1]5-1. Fuel Density'!$B$6:$G$19,6,0)="Use of other GHGs",0,$AS48*VLOOKUP($AB48,'[1]5-4. Calorific&Emission factor'!$P$9:$Y$74,6,FALSE)/1000000)) -> 0 | AW48: =IF($AB48="","",IF(VLOOKUP($AB48,'[1]5-1. Fuel Density'!$B$6:$G$19,6,0)="Use of other GHGs",0,$AS48*VLOOKUP($AB48,'[1]5-4. Calorific&Emission factor'!$P$9:$Y$74,9,FALSE)/1000000)) -> 0
B49: 44 | C49: PT. YONGJIN JAVASUKA GARMENT | D49: PT. YONGJIN JAVASUKA GARMENT (2,3공장) | E49: Car | F49: Fuel | G49: Mobile combustion | I49: Automotive gasoline/diesel oil | J49: DIESEL OIL | K49: 27.019 | L49: 2.082 | M49: 2.071 | N49: 2.776 | O49: 1.72 | P49: 2.269 | Q49: 2.238 | R49: 3.164 | S49: 2.549 | T49: 2.32 | U49: 1.896 | V49: 1.493 | W49: 2.441 | X49: ㎥ | Y49: 2023 | Z49: =VLOOKUP($E49,'[1]5-2. Emission Facility'!$B$7:$D$16,2,0) -> Vehicle | AA49: =VLOOKUP($Z49,'[1]5-2. Emission Facility'!$C$7:$D$16,2,0) -> Mobile combustion | AB49: =IF($C49="","",IF(VLOOKUP($C49,'[1]1. General Facility Information'!$C$7:$E$13,3,0)="Korea",'Scope 1'!$I49,INDEX('[1]5-1. Fuel Density'!$B$6:$B$18,MATCH('Scope 1'!$I49,'[1]5-1. Fuel Density'!$C$6:$C$18,0)))) -> Automotive gasoline (petrol) | AC49: =IF(OR($X49="㎥",$X49="kg"),$L49,"") -> 2.082 | AD49: =IF(OR($X49="㎥",$X49="kg"),M49,"") -> 2.071 | AE49: =IF(OR($X49="㎥",$X49="kg"),N49,"") -> 2.776 | AF49: =IF(OR($X49="㎥",$X49="kg"),O49,"") -> 1.72 | AG49: =IF(OR($X49="㎥",$X49="kg"),P49,"") -> 2.269 | AH49: =IF(OR($X49="㎥",$X49="kg"),Q49,"") -> 2.238 | AI49: =IF(OR($X49="㎥",$X49="kg"),R49,"") -> 3.164 | AJ49: =IF(OR($X49="㎥",$X49="kg"),S49,"") -> 2.549 | AK49: =IF(OR($X49="㎥",$X49="kg"),T49,"") -> 2.32 | ... AN49: =IF(OR($X49="㎥",$X49="kg"),W49,"") -> 2.441 | AO49: =IF(SUM(AC49:AN49)-AP49=0,"","X") | AP49: =IF(OR($X49="㎥",$X49="kg"),$K49,"") -> 27.019 | AQ49: =IF(OR($X49="㎥",$X49="kg"),$X49,"") -> ㎥ | AR49: =IF($C49="","",$AP49*IF($AQ49="㎥",VLOOKUP('Scope 1'!AQ49,'[1]5-3. Unit Conversion'!$B$5:$J$13,3,FALSE)*VLOOKUP('Scope 1'!AB49,'[1]5-1. Fuel Density'!$B$6:$D$18,3,FALSE)*1000,IF($AQ49="kg",VLOOKUP('Scope 1'!AQ49,'[1]5-3. Unit Conversion'!$B$16:$G$21,3,FALSE),0))) -> 20021.079 | AS49: =IFERROR(IF($AB49="","",IF(VLOOKUP($AB49,'[1]5-1. Fuel Density'!$B$6:$G$19,6,0)="Use of other GHGs",0,IF($AB49="Industrial Wastes",$AR49*'[1]5-4. Calorific&Emission factor'!$R$75,$AR49*VLOOKUP($AB49,'[1]5-4. Calorific&Emission factor'!$P$9:$R$74,3,FALSE)))),0) -> 886933.8 | AT49: =IF($AB49="","",IF(OR($AB49="Hydrofluorocarbons(HFCs)",$AB49="ETC"),$AR49*VLOOKUP($J49,'[1]5-4. Calorific&Emission factor'!$B$10:$D$14,3,0)/1000,IF(VLOOKUP($AB49,'[1]5-1. Fuel Density'!$B$6:$G$19,6,0)="Use of other GHGs",$AU49/1000,(($AU49*'[1]5-4. Calorific&Emission factor'!$D$7)+($AV49*'[1]5-4. Calorific&Emission factor'!$D$8)+($AW49*'[1]5-4. Calorific&Emission factor'!$D$9))/1000))) -> 61.681634 | AU49: =IF($AB49="","",IF(VLOOKUP($AB49,'[1]5-1. Fuel Density'!$B$6:$G$19,6,0)="Use of other GHGs",$AR49*VLOOKUP($AB49,'[1]5-4. Calorific&Emission factor'!$O$9:$Y$74,5,FALSE)/1000000,$AS49*VLOOKUP($AB49,'[1]5-4. Calorific&Emission factor'!$P$9:$Y$74,4,FALSE)/1000000)) -> 61464.512 | AV49: =IF($AB49="","",IF(VLOOKUP($AB49,'[1]5-1. Fuel Density'!$B$6:$G$19,6,0)="Use of other GHGs",0,$AS49*VLOOKUP($AB49,'[1]5-4. Calorific&Emission factor'!$P$9:$Y$74,6,FALSE)/1000000)) -> 2.6608014 | AW49: =IF($AB49="","",IF(VLOOKUP($AB49,'[1]5-1. Fuel Density'!$B$6:$G$19,6,0)="Use of other GHGs",0,$AS49*VLOOKUP($AB49,'[1]5-4. Calorific&Emission factor'!$P$9:$Y$74,9,FALSE)/1000000)) -> 0.53216028
B50: 45 | C50: PT. YONGJIN JAVASUKA GARMENT | D50: PT. YONGJIN JAVASUKA GARMENT (2,3공장) | E50: Car | F50: Fuel | G50: Mobile combustion | I50: Automotive gasoline/diesel oil | J50: GASOLINE | K50: 250.42135 | L50: 18.93576 | M50: 18.63555 | N50: 24.64291 | O50: 19.94414 | P50: 22.39048 | Q50: 23.42586 | R50: 27.17085 | S50: 20.2568 | T50: 17.52668 | U50: 17.58853 | V50: 17.12408 | W50: 22.77971 | X50: ㎥ | Y50: 2023 | Z50: =VLOOKUP($E50,'[1]5-2. Emission Facility'!$B$7:$D$16,2,0) -> Vehicle | AA50: =VLOOKUP($Z50,'[1]5-2. Emission Facility'!$C$7:$D$16,2,0) -> Mobile combustion | AB50: =IF($C50="","",IF(VLOOKUP($C50,'[1]1. General Facility Information'!$C$7:$E$13,3,0)="Korea",'Scope 1'!$I50,INDEX('[1]5-1. Fuel Density'!$B$6:$B$18,MATCH('Scope 1'!$I50,'[1]5-1. Fuel Density'!$C$6:$C$18,0)))) -> Automotive gasoline (petrol) | AC50: =IF(OR($X50="㎥",$X50="kg"),$L50,"") -> 18.93576 | AD50: =IF(OR($X50="㎥",$X50="kg"),M50,"") -> 18.63555 | AE50: =IF(OR($X50="㎥",$X50="kg"),N50,"") -> 24.64291 | AF50: =IF(OR($X50="㎥",$X50="kg"),O50,"") -> 19.94414 | AG50: =IF(OR($X50="㎥",$X50="kg"),P50,"") -> 22.39048 | AH50: =IF(OR($X50="㎥",$X50="kg"),Q50,"") -> 23.42586 | AI50: =IF(OR($X50="㎥",$X50="kg"),R50,"") -> 27.17085 | AJ50: =IF(OR($X50="㎥",$X50="kg"),S50,"") -> 20.2568 | AK50: =IF(OR($X50="㎥",$X50="kg"),T50,"") -> 17.52668 | ... AN50: =IF(OR($X50="㎥",$X50="kg"),W50,"") -> 22.77971 | AO50: =IF(SUM(AC50:AN50)-AP50=0,"","X") | AP50: =IF(OR($X50="㎥",$X50="kg"),$K50,"") -> 250.42135 | AQ50: =IF(OR($X50="㎥",$X50="kg"),$X50,"") -> ㎥ | AR50: =IF($C50="","",$AP50*IF($AQ50="㎥",VLOOKUP('Scope 1'!AQ50,'[1]5-3. Unit Conversion'!$B$5:$J$13,3,FALSE)*VLOOKUP('Scope 1'!AB50,'[1]5-1. Fuel Density'!$B$6:$D$18,3,FALSE)*1000,IF($AQ50="kg",VLOOKUP('Scope 1'!AQ50,'[1]5-3. Unit Conversion'!$B$16:$G$21,3,FALSE),0))) -> 185562.22 | AS50: =IFERROR(IF($AB50="","",IF(VLOOKUP($AB50,'[1]5-1. Fuel Density'!$B$6:$G$19,6,0)="Use of other GHGs",0,IF($AB50="Industrial Wastes",$AR50*'[1]5-4. Calorific&Emission factor'!$R$75,$AR50*VLOOKUP($AB50,'[1]5-4. Calorific&Emission factor'!$P$9:$R$74,3,FALSE)))),0) -> 8220406.4 | AT50: =IF($AB50="","",IF(OR($AB50="Hydrofluorocarbons(HFCs)",$AB50="ETC"),$AR50*VLOOKUP($J50,'[1]5-4. Calorific&Emission factor'!$B$10:$D$14,3,0)/1000,IF(VLOOKUP($AB50,'[1]5-1. Fuel Density'!$B$6:$G$19,6,0)="Use of other GHGs",$AU50/1000,(($AU50*'[1]5-4. Calorific&Emission factor'!$D$7)+($AV50*'[1]5-4. Calorific&Emission factor'!$D$8)+($AW50*'[1]5-4. Calorific&Emission factor'!$D$9))/1000))) -> 571.68652 | AU50: =IF($AB50="","",IF(VLOOKUP($AB50,'[1]5-1. Fuel Density'!$B$6:$G$19,6,0)="Use of other GHGs",$AR50*VLOOKUP($AB50,'[1]5-4. Calorific&Emission factor'!$O$9:$Y$74,5,FALSE)/1000000,$AS50*VLOOKUP($AB50,'[1]5-4. Calorific&Emission factor'!$P$9:$Y$74,4,FALSE)/1000000)) -> 569674.16 | AV50: =IF($AB50="","",IF(VLOOKUP($AB50,'[1]5-1. Fuel Density'!$B$6:$G$19,6,0)="Use of other GHGs",0,$AS50*VLOOKUP($AB50,'[1]5-4. Calorific&Emission factor'!$P$9:$Y$74,6,FALSE)/1000000)) -> 24.661219 | AW50: =IF($AB50="","",IF(VLOOKUP($AB50,'[1]5-1. Fuel Density'!$B$6:$G$19,6,0)="Use of other GHGs",0,$AS50*VLOOKUP($AB50,'[1]5-4. Calorific&Emission factor'!$P$9:$Y$74,9,FALSE)/1000000)) -> 4.9322438
B51: 46 | C51: PT. HJL INDO NETWORKS | D51: PT. HJL INDO NETWORKS | E51: Vehicle | F51: Fuel | G51: Mobile combustion fuels and vehicle | H51: manager-level operational vehicles | I51: Automotive gasoline (petrol) | J51: RON 92 (called [ertamax) | K51: 44.171418 | L51: 2.834667 | M51: 3.022813 | N51: 4.123539 | O51: 3.080491 | P51: 3.471436 | Q51: 4.016518 | R51: 3.208594 | S51: 3.974949 | T51: 4.07938 | U51: 4.354106 | V51: 4.10353 | W51: 3.901395 | X51: ㎥ | Y51: 2023 | Z51: =VLOOKUP($E51,'[1]5-2. Emission Facility'!$B$7:$D$16,2,0) -> Vehicle | AA51: =VLOOKUP($Z51,'[1]5-2. Emission Facility'!$C$7:$D$16,2,0) -> Mobile combustion | AB51: =IF($C51="","",IF(VLOOKUP($C51,'[1]1. General Facility Information'!$C$7:$E$13,3,0)="Korea",'Scope 1'!$I51,INDEX('[1]5-1. Fuel Density'!$B$6:$B$18,MATCH('Scope 1'!$I51,'[1]5-1. Fuel Density'!$C$6:$C$18,0)))) -> Automotive gasoline (petrol) | AC51: =IF(OR($X51="㎥",$X51="kg"),$L51,"") -> 2.834667 | AD51: =IF(OR($X51="㎥",$X51="kg"),M51,"") -> 3.022813 | AE51: =IF(OR($X51="㎥",$X51="kg"),N51,"") -> 4.123539 | AF51: =IF(OR($X51="㎥",$X51="kg"),O51,"") -> 3.080491 | AG51: =IF(OR($X51="㎥",$X51="kg"),P51,"") -> 3.471436 | AH51: =IF(OR($X51="㎥",$X51="kg"),Q51,"") -> 4.016518 | AI51: =IF(OR($X51="㎥",$X51="kg"),R51,"") -> 3.208594 | AJ51: =IF(OR($X51="㎥",$X51="kg"),S51,"") -> 3.974949 | AK51: =IF(OR($X51="㎥",$X51="kg"),T51,"") -> 4.07938 | ... AN51: =IF(OR($X51="㎥",$X51="kg"),W51,"") -> 3.901395 | AO51: =IF(SUM(AC51:AN51)-AP51=0,"","X") | AP51: =IF(OR($X51="㎥",$X51="kg"),$K51,"") -> 44.171418 | AQ51: =IF(OR($X51="㎥",$X51="kg"),$X51,"") -> ㎥ | AR51: =IF($C51="","",$AP51*IF($AQ51="㎥",VLOOKUP('Scope 1'!AQ51,'[1]5-3. Unit Conversion'!$B$5:$J$13,3,FALSE)*VLOOKUP('Scope 1'!AB51,'[1]5-1. Fuel Density'!$B$6:$D$18,3,FALSE)*1000,IF($AQ51="kg",VLOOKUP('Scope 1'!AQ51,'[1]5-3. Unit Conversion'!$B$16:$G$21,3,FALSE),0))) -> 32731.021 | AS51: =IFERROR(IF($AB51="","",IF(VLOOKUP($AB51,'[1]5-1. Fuel Density'!$B$6:$G$19,6,0)="Use of other GHGs",0,IF($AB51="Industrial Wastes",$AR51*'[1]5-4. Calorific&Emission factor'!$R$75,$AR51*VLOOKUP($AB51,'[1]5-4. Calorific&Emission factor'!$P$9:$R$74,3,FALSE)))),0) -> 1449984.2 | AT51: =IF($AB51="","",IF(OR($AB51="Hydrofluorocarbons(HFCs)",$AB51="ETC"),$AR51*VLOOKUP($J51,'[1]5-4. Calorific&Emission factor'!$B$10:$D$14,3,0)/1000,IF(VLOOKUP($AB51,'[1]5-1. Fuel Density'!$B$6:$G$19,6,0)="Use of other GHGs",$AU51/1000,(($AU51*'[1]5-4. Calorific&Emission factor'!$D$7)+($AV51*'[1]5-4. Calorific&Emission factor'!$D$8)+($AW51*'[1]5-4. Calorific&Emission factor'!$D$9))/1000))) -> 100.83886 | AU51: =IF($AB51="","",IF(VLOOKUP($AB51,'[1]5-1. Fuel Density'!$B$6:$G$19,6,0)="Use of other GHGs",$AR51*VLOOKUP($AB51,'[1]5-4. Calorific&Emission factor'!$O$9:$Y$74,5,FALSE)/1000000,$AS51*VLOOKUP($AB51,'[1]5-4. Calorific&Emission factor'!$P$9:$Y$74,4,FALSE)/1000000)) -> 100483.91 | AV51: =IF($AB51="","",IF(VLOOKUP($AB51,'[1]5-1. Fuel Density'!$B$6:$G$19,6,0)="Use of other GHGs",0,$AS51*VLOOKUP($AB51,'[1]5-4. Calorific&Emission factor'!$P$9:$Y$74,6,FALSE)/1000000)) -> 4.3499527 | AW51: =IF($AB51="","",IF(VLOOKUP($AB51,'[1]5-1. Fuel Density'!$B$6:$G$19,6,0)="Use of other GHGs",0,$AS51*VLOOKUP($AB51,'[1]5-4. Calorific&Emission factor'!$P$9:$Y$74,9,FALSE)/1000000)) -> 0.86999053
B52: 47 | C52: PT.HOGA REKSA GARMENT | D52: PT.HOGA REKSA GARMENT | E52: Power Generator | F52: Fuel | G52: Stationary combustion | H52: Conversion of Diesel Combusting to Electric Energy | I52: Biodiesel | K52: 3.7 | L52: 0.075 | M52: 0.05 | N52: 0.05 | O52: 0.08 | P52: 0.05 | Q52: 0.605 | R52: 0.06 | S52: 0.105 | T52: 0.245 | U52: 0.16 | V52: 1.85 | W52: 0.37 | X52: ㎥ | Y52: 2023 | Z52: =VLOOKUP($E52,'[1]5-2. Emission Facility'!$B$7:$D$16,2,0) -> Power Generator | AA52: =VLOOKUP($Z52,'[1]5-2. Emission Facility'!$C$7:$D$16,2,0) -> Stationary Combustion | AB52: =IF($C52="","",IF(VLOOKUP($C52,'[1]1. General Facility Information'!$C$7:$E$13,3,0)="Korea",'Scope 1'!$I52,INDEX('[1]5-1. Fuel Density'!$B$6:$B$18,MATCH('Scope 1'!$I52,'[1]5-1. Fuel Density'!$C$6:$C$18,0)))) -> Biodiesel | AC52: =IF(OR($X52="㎥",$X52="kg"),$L52,"") -> 0.075 | AD52: =IF(OR($X52="㎥",$X52="kg"),M52,"") -> 0.05 | AE52: =IF(OR($X52="㎥",$X52="kg"),N52,"") -> 0.05 | AF52: =IF(OR($X52="㎥",$X52="kg"),O52,"") -> 0.08 | AG52: =IF(OR($X52="㎥",$X52="kg"),P52,"") -> 0.05 | AH52: =IF(OR($X52="㎥",$X52="kg"),Q52,"") -> 0.605 | AI52: =IF(OR($X52="㎥",$X52="kg"),R52,"") -> 0.06 | AJ52: =IF(OR($X52="㎥",$X52="kg"),S52,"") -> 0.105 | AK52: =IF(OR($X52="㎥",$X52="kg"),T52,"") -> 0.245 | ... AN52: =IF(OR($X52="㎥",$X52="kg"),W52,"") -> 0.37 | AO52: =IF(SUM(AC52:AN52)-AP52=0,"","X") | AP52: =IF(OR($X52="㎥",$X52="kg"),$K52,"") -> 3.7 | AQ52: =IF(OR($X52="㎥",$X52="kg"),$X52,"") -> ㎥ | AR52: =IF($C52="","",$AP52*IF($AQ52="㎥",VLOOKUP('Scope 1'!AQ52,'[1]5-3. Unit Conversion'!$B$5:$J$13,3,FALSE)*VLOOKUP('Scope 1'!AB52,'[1]5-1. Fuel Density'!$B$6:$D$18,3,FALSE)*1000,IF($AQ52="kg",VLOOKUP('Scope 1'!AQ52,'[1]5-3. Unit Conversion'!$B$16:$G$21,3,FALSE),0))) -> 3126.5 | AS52: =IFERROR(IF($AB52="","",IF(VLOOKUP($AB52,'[1]5-1. Fuel Density'!$B$6:$G$19,6,0)="Use of other GHGs",0,IF($AB52="Industrial Wastes",$AR52*'[1]5-4. Calorific&Emission factor'!$R$75,$AR52*VLOOKUP($AB52,'[1]5-4. Calorific&Emission factor'!$P$9:$R$74,3,FALSE)))),0) -> 84415.5 | AT52: =IF($AB52="","",IF(OR($AB52="Hydrofluorocarbons(HFCs)",$AB52="ETC"),$AR52*VLOOKUP($J52,'[1]5-4. Calorific&Emission factor'!$B$10:$D$14,3,0)/1000,IF(VLOOKUP($AB52,'[1]5-1. Fuel Density'!$B$6:$G$19,6,0)="Use of other GHGs",$AU52/1000,(($AU52*'[1]5-4. Calorific&Emission factor'!$D$7)+($AV52*'[1]5-4. Calorific&Emission factor'!$D$8)+($AW52*'[1]5-4. Calorific&Emission factor'!$D$9))/1000))) -> 5.9972823 | AU52: =IF($AB52="","",IF(VLOOKUP($AB52,'[1]5-1. Fuel Density'!$B$6:$G$19,6,0)="Use of other GHGs",$AR52*VLOOKUP($AB52,'[1]5-4. Calorific&Emission factor'!$O$9:$Y$74,5,FALSE)/1000000,$AS52*VLOOKUP($AB52,'[1]5-4. Calorific&Emission factor'!$P$9:$Y$74,4,FALSE)/1000000)) -> 5976.6174 | AV52: =IF($AB52="","",IF(VLOOKUP($AB52,'[1]5-1. Fuel Density'!$B$6:$G$19,6,0)="Use of other GHGs",0,$AS52*VLOOKUP($AB52,'[1]5-4. Calorific&Emission factor'!$P$9:$Y$74,6,FALSE)/1000000)) -> 0.2532465 | AW52: =IF($AB52="","",IF(VLOOKUP($AB52,'[1]5-1. Fuel Density'!$B$6:$G$19,6,0)="Use of other GHGs",0,$AS52*VLOOKUP($AB52,'[1]5-4. Calorific&Emission factor'!$P$9:$Y$74,9,FALSE)/1000000)) -> 0.0506493
B53: 48 | C53: PT.HOGA REKSA GARMENT | D53: PT.HOGA REKSA GARMENT | E53: Vehicle | F53: Fuel | G53: Mobile combustion | H53: Company Controlled Vehicle for Logistic Purpose | I53: Biodiesel | K53: 11.061546 | L53: 0.82899 | M53: 1.800041 | N53: 0.75529 | O53: 0.49665 | P53: 1.09349 | Q53: 0.95894535 | R53: 0.53053235 | S53: 1.1108 | T53: 0.55320294 | U53: 0.65971 | V53: 0.71363453 | W53: 1.56026 | X53: ㎥ | Y53: 2023 | Z53: =VLOOKUP($E53,'[1]5-2. Emission Facility'!$B$7:$D$16,2,0) -> Vehicle | AA53: =VLOOKUP($Z53,'[1]5-2. Emission Facility'!$C$7:$D$16,2,0) -> Mobile combustion | AB53: =IF($C53="","",IF(VLOOKUP($C53,'[1]1. General Facility Information'!$C$7:$E$13,3,0)="Korea",'Scope 1'!$I53,INDEX('[1]5-1. Fuel Density'!$B$6:$B$18,MATCH('Scope 1'!$I53,'[1]5-1. Fuel Density'!$C$6:$C$18,0)))) -> Biodiesel | AC53: =IF(OR($X53="㎥",$X53="kg"),$L53,"") -> 0.82899 | AD53: =IF(OR($X53="㎥",$X53="kg"),M53,"") -> 1.800041 | AE53: =IF(OR($X53="㎥",$X53="kg"),N53,"") -> 0.75529 | AF53: =IF(OR($X53="㎥",$X53="kg"),O53,"") -> 0.49665 | AG53: =IF(OR($X53="㎥",$X53="kg"),P53,"") -> 1.09349 | AH53: =IF(OR($X53="㎥",$X53="kg"),Q53,"") -> 0.95894535 | AI53: =IF(OR($X53="㎥",$X53="kg"),R53,"") -> 0.53053235 | AJ53: =IF(OR($X53="㎥",$X53="kg"),S53,"") -> 1.1108 | AK53: =IF(OR($X53="㎥",$X53="kg"),T53,"") -> 0.55320294 | ... AN53: =IF(OR($X53="㎥",$X53="kg"),W53,"") -> 1.56026 | AO53: =IF(SUM(AC53:AN53)-AP53=0,"","X") | AP53: =IF(OR($X53="㎥",$X53="kg"),$K53,"") -> 11.061546 | AQ53: =IF(OR($X53="㎥",$X53="kg"),$X53,"") -> ㎥ | AR53: =IF($C53="","",$AP53*IF($AQ53="㎥",VLOOKUP('Scope 1'!AQ53,'[1]5-3. Unit Conversion'!$B$5:$J$13,3,FALSE)*VLOOKUP('Scope 1'!AB53,'[1]5-1. Fuel Density'!$B$6:$D$18,3,FALSE)*1000,IF($AQ53="kg",VLOOKUP('Scope 1'!AQ53,'[1]5-3. Unit Conversion'!$B$16:$G$21,3,FALSE),0))) -> 9347.0065 | AS53: =IFERROR(IF($AB53="","",IF(VLOOKUP($AB53,'[1]5-1. Fuel Density'!$B$6:$G$19,6,0)="Use of other GHGs",0,IF($AB53="Industrial Wastes",$AR53*'[1]5-4. Calorific&Emission factor'!$R$75,$AR53*VLOOKUP($AB53,'[1]5-4. Calorific&Emission factor'!$P$9:$R$74,3,FALSE)))),0) -> 252369.18 | AT53: =IF($AB53="","",IF(OR($AB53="Hydrofluorocarbons(HFCs)",$AB53="ETC"),$AR53*VLOOKUP($J53,'[1]5-4. Calorific&Emission factor'!$B$10:$D$14,3,0)/1000,IF(VLOOKUP($AB53,'[1]5-1. Fuel Density'!$B$6:$G$19,6,0)="Use of other GHGs",$AU53/1000,(($AU53*'[1]5-4. Calorific&Emission factor'!$D$7)+($AV53*'[1]5-4. Calorific&Emission factor'!$D$8)+($AW53*'[1]5-4. Calorific&Emission factor'!$D$9))/1000))) -> 17.929518 | AU53: =IF($AB53="","",IF(VLOOKUP($AB53,'[1]5-1. Fuel Density'!$B$6:$G$19,6,0)="Use of other GHGs",$AR53*VLOOKUP($AB53,'[1]5-4. Calorific&Emission factor'!$O$9:$Y$74,5,FALSE)/1000000,$AS53*VLOOKUP($AB53,'[1]5-4. Calorific&Emission factor'!$P$9:$Y$74,4,FALSE)/1000000)) -> 17867.738 | AV53: =IF($AB53="","",IF(VLOOKUP($AB53,'[1]5-1. Fuel Density'!$B$6:$G$19,6,0)="Use of other GHGs",0,$AS53*VLOOKUP($AB53,'[1]5-4. Calorific&Emission factor'!$P$9:$Y$74,6,FALSE)/1000000)) -> 0.75710753 | AW53: =IF($AB53="","",IF(VLOOKUP($AB53,'[1]5-1. Fuel Density'!$B$6:$G$19,6,0)="Use of other GHGs",0,$AS53*VLOOKUP($AB53,'[1]5-4. Calorific&Emission factor'!$P$9:$Y$74,9,FALSE)/1000000)) -> 0.15142151
B54: 49 | C54: PT.HOGA REKSA GARMENT | D54: PT.HOGA REKSA GARMENT | E54: Vehicle | F54: Fuel | G54: Mobile combustion | H54: Company Controlled Vehicle for Business Purpose | I54: Automotive gasoline (petrol) | K54: 22.350323 | L54: 1.7052071 | M54: 1.6325285 | N54: 2.1275677 | O54: 1.73186 | P54: 2.29308 | Q54: 1.98809 | R54: 1.94744 | S54: 1.79691 | T54: 2.15559 | U54: 2.0595 | V54: 2.26554 | W54: 0.64701 | X54: ㎥ | Y54: 2023 | Z54: =VLOOKUP($E54,'[1]5-2. Emission Facility'!$B$7:$D$16,2,0) -> Vehicle | AA54: =VLOOKUP($Z54,'[1]5-2. Emission Facility'!$C$7:$D$16,2,0) -> Mobile combustion | AB54: =IF($C54="","",IF(VLOOKUP($C54,'[1]1. General Facility Information'!$C$7:$E$13,3,0)="Korea",'Scope 1'!$I54,INDEX('[1]5-1. Fuel Density'!$B$6:$B$18,MATCH('Scope 1'!$I54,'[1]5-1. Fuel Density'!$C$6:$C$18,0)))) -> Automotive gasoline (petrol) | AC54: =IF(OR($X54="㎥",$X54="kg"),$L54,"") -> 1.7052071 | AD54: =IF(OR($X54="㎥",$X54="kg"),M54,"") -> 1.6325285 | AE54: =IF(OR($X54="㎥",$X54="kg"),N54,"") -> 2.1275677 | AF54: =IF(OR($X54="㎥",$X54="kg"),O54,"") -> 1.73186 | AG54: =IF(OR($X54="㎥",$X54="kg"),P54,"") -> 2.29308 | AH54: =IF(OR($X54="㎥",$X54="kg"),Q54,"") -> 1.98809 | AI54: =IF(OR($X54="㎥",$X54="kg"),R54,"") -> 1.94744 | AJ54: =IF(OR($X54="㎥",$X54="kg"),S54,"") -> 1.79691 | AK54: =IF(OR($X54="㎥",$X54="kg"),T54,"") -> 2.15559 | ... AN54: =IF(OR($X54="㎥",$X54="kg"),W54,"") -> 0.64701 | AO54: =IF(SUM(AC54:AN54)-AP54=0,"","X") | AP54: =IF(OR($X54="㎥",$X54="kg"),$K54,"") -> 22.350323 | AQ54: =IF(OR($X54="㎥",$X54="kg"),$X54,"") -> ㎥ | AR54: =IF($C54="","",$AP54*IF($AQ54="㎥",VLOOKUP('Scope 1'!AQ54,'[1]5-3. Unit Conversion'!$B$5:$J$13,3,FALSE)*VLOOKUP('Scope 1'!AB54,'[1]5-1. Fuel Density'!$B$6:$D$18,3,FALSE)*1000,IF($AQ54="kg",VLOOKUP('Scope 1'!AQ54,'[1]5-3. Unit Conversion'!$B$16:$G$21,3,FALSE),0))) -> 16561.59 | AS54: =IFERROR(IF($AB54="","",IF(VLOOKUP($AB54,'[1]5-1. Fuel Density'!$B$6:$G$19,6,0)="Use of other GHGs",0,IF($AB54="Industrial Wastes",$AR54*'[1]5-4. Calorific&Emission factor'!$R$75,$AR54*VLOOKUP($AB54,'[1]5-4. Calorific&Emission factor'!$P$9:$R$74,3,FALSE)))),0) -> 733678.42 | AT54: =IF($AB54="","",IF(OR($AB54="Hydrofluorocarbons(HFCs)",$AB54="ETC"),$AR54*VLOOKUP($J54,'[1]5-4. Calorific&Emission factor'!$B$10:$D$14,3,0)/1000,IF(VLOOKUP($AB54,'[1]5-1. Fuel Density'!$B$6:$G$19,6,0)="Use of other GHGs",$AU54/1000,(($AU54*'[1]5-4. Calorific&Emission factor'!$D$7)+($AV54*'[1]5-4. Calorific&Emission factor'!$D$8)+($AW54*'[1]5-4. Calorific&Emission factor'!$D$9))/1000))) -> 51.023519 | AU54: =IF($AB54="","",IF(VLOOKUP($AB54,'[1]5-1. Fuel Density'!$B$6:$G$19,6,0)="Use of other GHGs",$AR54*VLOOKUP($AB54,'[1]5-4. Calorific&Emission factor'!$O$9:$Y$74,5,FALSE)/1000000,$AS54*VLOOKUP($AB54,'[1]5-4. Calorific&Emission factor'!$P$9:$Y$74,4,FALSE)/1000000)) -> 50843.914 | AV54: =IF($AB54="","",IF(VLOOKUP($AB54,'[1]5-1. Fuel Density'!$B$6:$G$19,6,0)="Use of other GHGs",0,$AS54*VLOOKUP($AB54,'[1]5-4. Calorific&Emission factor'!$P$9:$Y$74,6,FALSE)/1000000)) -> 2.2010353 | AW54: =IF($AB54="","",IF(VLOOKUP($AB54,'[1]5-1. Fuel Density'!$B$6:$G$19,6,0)="Use of other GHGs",0,$AS54*VLOOKUP($AB54,'[1]5-4. Calorific&Emission factor'!$P$9:$Y$74,9,FALSE)/1000000)) -> 0.44020705
B55: 50 | C55: HOJEON LIMITED | D55: HOJEON LIMITED Co., Ltd | E55: Vehicle | F55: Fuel | G55: Mobile combustion | H55: 차량 운행 | I55: Automotive gasoline (petrol) | K55: 25.500826 | L55: 2.3113663 | M55: 2.1434254 | N55: 2.1233854 | O55: 1.8817521 | P55: 2.2068245 | Q55: 2.1946791 | R55: 2.1769468 | S55: 2.3315581 | T55: 1.9691202 | U55: 2.1653394 | V55: 1.8784121 | W55: 2.1180171 | X55: ㎥ | Y55: 2024 | Z55: =VLOOKUP($E55,'[1]5-2. Emission Facility'!$B$7:$D$16,2,0) -> Vehicle | AA55: =VLOOKUP($Z55,'[1]5-2. Emission Facility'!$C$7:$D$16,2,0) -> Mobile combustion | AB55: =IF($C55="","",IF(VLOOKUP($C55,'[1]1. General Facility Information'!$C$7:$E$13,3,0)="Korea",'Scope 1'!$I55,INDEX('[1]5-1. Fuel Density'!$B$6:$B$18,MATCH('Scope 1'!$I55,'[1]5-1. Fuel Density'!$C$6:$C$18,0)))) -> Automotive gasoline (petrol) | AC55: =IF(OR($X55="㎥",$X55="kg"),$L55,"") -> 2.3113663 | AD55: =IF(OR($X55="㎥",$X55="kg"),M55,"") -> 2.1434254 | AE55: =IF(OR($X55="㎥",$X55="kg"),N55,"") -> 2.1233854 | AF55: =IF(OR($X55="㎥",$X55="kg"),O55,"") -> 1.8817521 | AG55: =IF(OR($X55="㎥",$X55="kg"),P55,"") -> 2.2068245 | AH55: =IF(OR($X55="㎥",$X55="kg"),Q55,"") -> 2.1946791 | AI55: =IF(OR($X55="㎥",$X55="kg"),R55,"") -> 2.1769468 | AJ55: =IF(OR($X55="㎥",$X55="kg"),S55,"") -> 2.3315581 | AK55: =IF(OR($X55="㎥",$X55="kg"),T55,"") -> 1.9691202 | ... AN55: =IF(OR($X55="㎥",$X55="kg"),W55,"") -> 2.1180171 | AO55: =IF(SUM(AC55:AN55)-AP55=0,"","X") | AP55: =IF(OR($X55="㎥",$X55="kg"),$K55,"") -> 25.500826 | AQ55: =IF(OR($X55="㎥",$X55="kg"),$X55,"") -> ㎥ | AR55: =IF($C55="","",$AP55*IF($AQ55="㎥",VLOOKUP('Scope 1'!AQ55,'[1]5-3. Unit Conversion'!$B$5:$J$13,3,FALSE)*VLOOKUP('Scope 1'!AB55,'[1]5-1. Fuel Density'!$B$6:$D$18,3,FALSE)*1000,IF($AQ55="kg",VLOOKUP('Scope 1'!AQ55,'[1]5-3. Unit Conversion'!$B$16:$G$21,3,FALSE),0))) -> 18896.112 | AS55: =IFERROR(IF($AB55="","",IF(VLOOKUP($AB55,'[1]5-1. Fuel Density'!$B$6:$G$19,6,0)="Use of other GHGs",0,IF($AB55="Industrial Wastes",$AR55*'[1]5-4. Calorific&Emission factor'!$R$75,$AR55*VLOOKUP($AB55,'[1]5-4. Calorific&Emission factor'!$P$9:$R$74,3,FALSE)))),0) -> 837097.78 | AT55: =IF($AB55="","",IF(OR($AB55="Hydrofluorocarbons(HFCs)",$AB55="ETC"),$AR55*VLOOKUP($J55,'[1]5-4. Calorific&Emission factor'!$B$10:$D$14,3,0)/1000,IF(VLOOKUP($AB55,'[1]5-1. Fuel Density'!$B$6:$G$19,6,0)="Use of other GHGs",$AU55/1000,(($AU55*'[1]5-4. Calorific&Emission factor'!$D$7)+($AV55*'[1]5-4. Calorific&Emission factor'!$D$8)+($AW55*'[1]5-4. Calorific&Emission factor'!$D$9))/1000))) -> 58.215798 | AU55: =IF($AB55="","",IF(VLOOKUP($AB55,'[1]5-1. Fuel Density'!$B$6:$G$19,6,0)="Use of other GHGs",$AR55*VLOOKUP($AB55,'[1]5-4. Calorific&Emission factor'!$O$9:$Y$74,5,FALSE)/1000000,$AS55*VLOOKUP($AB55,'[1]5-4. Calorific&Emission factor'!$P$9:$Y$74,4,FALSE)/1000000)) -> 58010.876 | AV55: =IF($AB55="","",IF(VLOOKUP($AB55,'[1]5-1. Fuel Density'!$B$6:$G$19,6,0)="Use of other GHGs",0,$AS55*VLOOKUP($AB55,'[1]5-4. Calorific&Emission factor'!$P$9:$Y$74,6,FALSE)/1000000)) -> 2.5112933 | AW55: =IF($AB55="","",IF(VLOOKUP($AB55,'[1]5-1. Fuel Density'!$B$6:$G$19,6,0)="Use of other GHGs",0,$AS55*VLOOKUP($AB55,'[1]5-4. Calorific&Emission factor'!$P$9:$Y$74,9,FALSE)/1000000)) -> 0.50225867
B56: 51 | C56: PT. KAHOINDAH CITRAGARMENT | D56: KAHOINDAH CITRAGARMENT | E56: Vehicle | F56: Fuel | G56: Mobile combustion fuels and vehicle | H56: manager-level operational vehicles | I56: Automotive gasoline (petrol) | J56: RON 90 | K56: 20.40912 | L56: 1.92163 | M56: 1.57361 | N56: 2.00608 | O56: 1.32384 | P56: 1.55964 | Q56: 1.622 | R56: 1.57975 | S56: 2.00336 | T56: 1.54986 | U56: 1.94998 | V56: 1.78973 | W56: 1.52964 | X56: ㎥ | Y56: 2024 | Z56: =VLOOKUP($E56,'[1]5-2. Emission Facility'!$B$7:$D$16,2,0) -> Vehicle | AA56: =VLOOKUP($Z56,'[1]5-2. Emission Facility'!$C$7:$D$16,2,0) -> Mobile combustion | AB56: =IF($C56="","",IF(VLOOKUP($C56,'[1]1. General Facility Information'!$C$7:$E$13,3,0)="Korea",'Scope 1'!$I56,INDEX('[1]5-1. Fuel Density'!$B$6:$B$18,MATCH('Scope 1'!$I56,'[1]5-1. Fuel Density'!$C$6:$C$18,0)))) -> Automotive gasoline (petrol) | AC56: =IF(OR($X56="㎥",$X56="kg"),$L56,"") -> 1.92163 | AD56: =IF(OR($X56="㎥",$X56="kg"),M56,"") -> 1.57361 | AE56: =IF(OR($X56="㎥",$X56="kg"),N56,"") -> 2.00608 | AF56: =IF(OR($X56="㎥",$X56="kg"),O56,"") -> 1.32384 | AG56: =IF(OR($X56="㎥",$X56="kg"),P56,"") -> 1.55964 | AH56: =IF(OR($X56="㎥",$X56="kg"),Q56,"") -> 1.622 | AI56: =IF(OR($X56="㎥",$X56="kg"),R56,"") -> 1.57975 | AJ56: =IF(OR($X56="㎥",$X56="kg"),S56,"") -> 2.00336 | AK56: =IF(OR($X56="㎥",$X56="kg"),T56,"") -> 1.54986 | ... AN56: =IF(OR($X56="㎥",$X56="kg"),W56,"") -> 1.52964 | AO56: =IF(SUM(AC56:AN56)-AP56=0,"","X") | AP56: =IF(OR($X56="㎥",$X56="kg"),$K56,"") -> 20.40912 | AQ56: =IF(OR($X56="㎥",$X56="kg"),$X56,"") -> ㎥ | AR56: =IF($C56="","",$AP56*IF($AQ56="㎥",VLOOKUP('Scope 1'!AQ56,'[1]5-3. Unit Conversion'!$B$5:$J$13,3,FALSE)*VLOOKUP('Scope 1'!AB56,'[1]5-1. Fuel Density'!$B$6:$D$18,3,FALSE)*1000,IF($AQ56="kg",VLOOKUP('Scope 1'!AQ56,'[1]5-3. Unit Conversion'!$B$16:$G$21,3,FALSE),0))) -> 15123.158 | AS56: =IFERROR(IF($AB56="","",IF(VLOOKUP($AB56,'[1]5-1. Fuel Density'!$B$6:$G$19,6,0)="Use of other GHGs",0,IF($AB56="Industrial Wastes",$AR56*'[1]5-4. Calorific&Emission factor'!$R$75,$AR56*VLOOKUP($AB56,'[1]5-4. Calorific&Emission factor'!$P$9:$R$74,3,FALSE)))),0) -> 669955.9 | AT56: =IF($AB56="","",IF(OR($AB56="Hydrofluorocarbons(HFCs)",$AB56="ETC"),$AR56*VLOOKUP($J56,'[1]5-4. Calorific&Emission factor'!$B$10:$D$14,3,0)/1000,IF(VLOOKUP($AB56,'[1]5-1. Fuel Density'!$B$6:$G$19,6,0)="Use of other GHGs",$AU56/1000,(($AU56*'[1]5-4. Calorific&Emission factor'!$D$7)+($AV56*'[1]5-4. Calorific&Emission factor'!$D$8)+($AW56*'[1]5-4. Calorific&Emission factor'!$D$9))/1000))) -> 46.591949 | AU56: =IF($AB56="","",IF(VLOOKUP($AB56,'[1]5-1. Fuel Density'!$B$6:$G$19,6,0)="Use of other GHGs",$AR56*VLOOKUP($AB56,'[1]5-4. Calorific&Emission factor'!$O$9:$Y$74,5,FALSE)/1000000,$AS56*VLOOKUP($AB56,'[1]5-4. Calorific&Emission factor'!$P$9:$Y$74,4,FALSE)/1000000)) -> 46427.944 | AV56: =IF($AB56="","",IF(VLOOKUP($AB56,'[1]5-1. Fuel Density'!$B$6:$G$19,6,0)="Use of other GHGs",0,$AS56*VLOOKUP($AB56,'[1]5-4. Calorific&Emission factor'!$P$9:$Y$74,6,FALSE)/1000000)) -> 2.0098677 | AW56: =IF($AB56="","",IF(VLOOKUP($AB56,'[1]5-1. Fuel Density'!$B$6:$G$19,6,0)="Use of other GHGs",0,$AS56*VLOOKUP($AB56,'[1]5-4. Calorific&Emission factor'!$P$9:$Y$74,9,FALSE)/1000000)) -> 0.40197354
B57: 52 | C57: PT. KAHOINDAH CITRAGARMENT | D57: KAHOINDAH CITRAGARMENT | E57: Boiler | F57: Fuel | G57: Stationary combustion fuels and equipment - Solid Fuel | H57: converts boiler combustion to produce heat that is used for steam ironing and fabric relaxation. | I57: Industrial Wastes | J57: Fabric Waste from Production | K57: 262527 | L57: 24870 | M57: 22160 | N57: 28600 | O57: 19263 | P57: 18180 | Q57: 20158 | R57: 24747 | S57: 22908 | T57: 19031 | U57: 22654 | V57: 19060 | W57: 20896 | X57: kg | Y57: 2024 | Z57: =VLOOKUP($E57,'[1]5-2. Emission Facility'!$B$7:$D$16,2,0) -> Boiler | AA57: =VLOOKUP($Z57,'[1]5-2. Emission Facility'!$C$7:$D$16,2,0) -> Stationary Combustion | AB57: =IF($C57="","",IF(VLOOKUP($C57,'[1]1. General Facility Information'!$C$7:$E$13,3,0)="Korea",'Scope 1'!$I57,INDEX('[1]5-1. Fuel Density'!$B$6:$B$18,MATCH('Scope 1'!$I57,'[1]5-1. Fuel Density'!$C$6:$C$18,0)))) -> Industrial Wastes | AC57: =IF(OR($X57="㎥",$X57="kg"),$L57,"") -> 24870 | AD57: =IF(OR($X57="㎥",$X57="kg"),M57,"") -> 22160 | AE57: =IF(OR($X57="㎥",$X57="kg"),N57,"") -> 28600 | AF57: =IF(OR($X57="㎥",$X57="kg"),O57,"") -> 19263 | AG57: =IF(OR($X57="㎥",$X57="kg"),P57,"") -> 18180 | AH57: =IF(OR($X57="㎥",$X57="kg"),Q57,"") -> 20158 | AI57: =IF(OR($X57="㎥",$X57="kg"),R57,"") -> 24747 | AJ57: =IF(OR($X57="㎥",$X57="kg"),S57,"") -> 22908 | AK57: =IF(OR($X57="㎥",$X57="kg"),T57,"") -> 19031 | ... AN57: =IF(OR($X57="㎥",$X57="kg"),W57,"") -> 20896 | AO57: =IF(SUM(AC57:AN57)-AP57=0,"","X") | AP57: =IF(OR($X57="㎥",$X57="kg"),$K57,"") -> 262527 | AQ57: =IF(OR($X57="㎥",$X57="kg"),$X57,"") -> kg | AR57: =IF($C57="","",$AP57*IF($AQ57="㎥",VLOOKUP('Scope 1'!AQ57,'[1]5-3. Unit Conversion'!$B$5:$J$13,3,FALSE)*VLOOKUP('Scope 1'!AB57,'[1]5-1. Fuel Density'!$B$6:$D$18,3,FALSE)*1000,IF($AQ57="kg",VLOOKUP('Scope 1'!AQ57,'[1]5-3. Unit Conversion'!$B$16:$G$21,3,FALSE),0))) -> 262527 | AS57: =IFERROR(IF($AB57="","",IF(VLOOKUP($AB57,'[1]5-1. Fuel Density'!$B$6:$G$19,6,0)="Use of other GHGs",0,IF($AB57="Industrial Wastes",$AR57*'[1]5-4. Calorific&Emission factor'!$R$75,$AR57*VLOOKUP($AB57,'[1]5-4. Calorific&Emission factor'!$P$9:$R$74,3,FALSE)))),0) -> 5711751.5 | AT57: =IF($AB57="","",IF(OR($AB57="Hydrofluorocarbons(HFCs)",$AB57="ETC"),$AR57*VLOOKUP($J57,'[1]5-4. Calorific&Emission factor'!$B$10:$D$14,3,0)/1000,IF(VLOOKUP($AB57,'[1]5-1. Fuel Density'!$B$6:$G$19,6,0)="Use of other GHGs",$AU57/1000,(($AU57*'[1]5-4. Calorific&Emission factor'!$D$7)+($AV57*'[1]5-4. Calorific&Emission factor'!$D$8)+($AW57*'[1]5-4. Calorific&Emission factor'!$D$9))/1000))) -> 827.64421 | AU57: =IF($AB57="","",IF(VLOOKUP($AB57,'[1]5-1. Fuel Density'!$B$6:$G$19,6,0)="Use of other GHGs",$AR57*VLOOKUP($AB57,'[1]5-4. Calorific&Emission factor'!$O$9:$Y$74,5,FALSE)/1000000,$AS57*VLOOKUP($AB57,'[1]5-4. Calorific&Emission factor'!$P$9:$Y$74,4,FALSE)/1000000)) -> 816780.46 | AV57: =IF($AB57="","",IF(VLOOKUP($AB57,'[1]5-1. Fuel Density'!$B$6:$G$19,6,0)="Use of other GHGs",0,$AS57*VLOOKUP($AB57,'[1]5-4. Calorific&Emission factor'!$P$9:$Y$74,6,FALSE)/1000000)) -> 171.35254 | AW57: =IF($AB57="","",IF(VLOOKUP($AB57,'[1]5-1. Fuel Density'!$B$6:$G$19,6,0)="Use of other GHGs",0,$AS57*VLOOKUP($AB57,'[1]5-4. Calorific&Emission factor'!$P$9:$Y$74,9,FALSE)/1000000)) -> 22.847006
B58: 53 | C58: PT. KAHOINDAH CITRAGARMENT | D58: KAHOINDAH CITRAGARMENT | E58: Forklift | F58: Fuel | G58: Mobile combustion fuels and vehicle | H58: to transport heavy weight item from one location to another location using forklift | I58: Biodiesel | J58: Biosolar (B30) | K58: 1.67271 | L58: 0.12209 | M58: 0.12209 | N58: 0.123 | O58: 0.12209 | P58: 0.12209 | Q58: 0.12209 | R58: 0.12209 | S58: 0.12209 | T58: 0.12209 | U58: 0.20038 | V58: 0.21292 | W58: 0.15969 | X58: ㎥ | Y58: 2024 | Z58: =VLOOKUP($E58,'[1]5-2. Emission Facility'!$B$7:$D$16,2,0) -> Forklift | AA58: =VLOOKUP($Z58,'[1]5-2. Emission Facility'!$C$7:$D$16,2,0) -> Mobile combustion | AB58: =IF($C58="","",IF(VLOOKUP($C58,'[1]1. General Facility Information'!$C$7:$E$13,3,0)="Korea",'Scope 1'!$I58,INDEX('[1]5-1. Fuel Density'!$B$6:$B$18,MATCH('Scope 1'!$I58,'[1]5-1. Fuel Density'!$C$6:$C$18,0)))) -> Biodiesel | AC58: =IF(OR($X58="㎥",$X58="kg"),$L58,"") -> 0.12209 | AD58: =IF(OR($X58="㎥",$X58="kg"),M58,"") -> 0.12209 | AE58: =IF(OR($X58="㎥",$X58="kg"),N58,"") -> 0.123 | AF58: =IF(OR($X58="㎥",$X58="kg"),O58,"") -> 0.12209 | AG58: =IF(OR($X58="㎥",$X58="kg"),P58,"") -> 0.12209 | AH58: =IF(OR($X58="㎥",$X58="kg"),Q58,"") -> 0.12209 | AI58: =IF(OR($X58="㎥",$X58="kg"),R58,"") -> 0.12209 | AJ58: =IF(OR($X58="㎥",$X58="kg"),S58,"") -> 0.12209 | AK58: =IF(OR($X58="㎥",$X58="kg"),T58,"") -> 0.12209 | ... AN58: =IF(OR($X58="㎥",$X58="kg"),W58,"") -> 0.15969 | AO58: =IF(SUM(AC58:AN58)-AP58=0,"","X") | AP58: =IF(OR($X58="㎥",$X58="kg"),$K58,"") -> 1.67271 | AQ58: =IF(OR($X58="㎥",$X58="kg"),$X58,"") -> ㎥ | AR58: =IF($C58="","",$AP58*IF($AQ58="㎥",VLOOKUP('Scope 1'!AQ58,'[1]5-3. Unit Conversion'!$B$5:$J$13,3,FALSE)*VLOOKUP('Scope 1'!AB58,'[1]5-1. Fuel Density'!$B$6:$D$18,3,FALSE)*1000,IF($AQ58="kg",VLOOKUP('Scope 1'!AQ58,'[1]5-3. Unit Conversion'!$B$16:$G$21,3,FALSE),0))) -> 1413.4399 | AS58: =IFERROR(IF($AB58="","",IF(VLOOKUP($AB58,'[1]5-1. Fuel Density'!$B$6:$G$19,6,0)="Use of other GHGs",0,IF($AB58="Industrial Wastes",$AR58*'[1]5-4. Calorific&Emission factor'!$R$75,$AR58*VLOOKUP($AB58,'[1]5-4. Calorific&Emission factor'!$P$9:$R$74,3,FALSE)))),0) -> 38162.879 | AT58: =IF($AB58="","",IF(OR($AB58="Hydrofluorocarbons(HFCs)",$AB58="ETC"),$AR58*VLOOKUP($J58,'[1]5-4. Calorific&Emission factor'!$B$10:$D$14,3,0)/1000,IF(VLOOKUP($AB58,'[1]5-1. Fuel Density'!$B$6:$G$19,6,0)="Use of other GHGs",$AU58/1000,(($AU58*'[1]5-4. Calorific&Emission factor'!$D$7)+($AV58*'[1]5-4. Calorific&Emission factor'!$D$8)+($AW58*'[1]5-4. Calorific&Emission factor'!$D$9))/1000))) -> 2.7112741 | AU58: =IF($AB58="","",IF(VLOOKUP($AB58,'[1]5-1. Fuel Density'!$B$6:$G$19,6,0)="Use of other GHGs",$AR58*VLOOKUP($AB58,'[1]5-4. Calorific&Emission factor'!$O$9:$Y$74,5,FALSE)/1000000,$AS58*VLOOKUP($AB58,'[1]5-4. Calorific&Emission factor'!$P$9:$Y$74,4,FALSE)/1000000)) -> 2701.9318 | AV58: =IF($AB58="","",IF(VLOOKUP($AB58,'[1]5-1. Fuel Density'!$B$6:$G$19,6,0)="Use of other GHGs",0,$AS58*VLOOKUP($AB58,'[1]5-4. Calorific&Emission factor'!$P$9:$Y$74,6,FALSE)/1000000)) -> 0.11448864 | AW58: =IF($AB58="","",IF(VLOOKUP($AB58,'[1]5-1. Fuel Density'!$B$6:$G$19,6,0)="Use of other GHGs",0,$AS58*VLOOKUP($AB58,'[1]5-4. Calorific&Emission factor'!$P$9:$Y$74,9,FALSE)/1000000)) -> 0.022897727
B59: 54 | C59: PT. KAHOINDAH CITRAGARMENT | D59: KAHOINDAH CITRAGARMENT | E59: Kitchen | F59: Fuel | G59: Stationary combustion fuels and equipment - Gaseous Fuel | H59: coocking food | I59: Liquefied Petroleum Gas (LPG) | J59: LPG 12 KG | K59: 168 | L59: 24 | M59: 0 | N59: 24 | O59: 0 | P59: 24 | Q59: 12 | R59: 24 | S59: 0 | T59: 24 | U59: 12 | V59: 12 | W59: 12 | X59: kg | Y59: 2024 | Z59: =VLOOKUP($E59,'[1]5-2. Emission Facility'!$B$7:$D$16,2,0) -> Kitchen | AA59: =VLOOKUP($Z59,'[1]5-2. Emission Facility'!$C$7:$D$16,2,0) -> Others | AB59: =IF($C59="","",IF(VLOOKUP($C59,'[1]1. General Facility Information'!$C$7:$E$13,3,0)="Korea",'Scope 1'!$I59,INDEX('[1]5-1. Fuel Density'!$B$6:$B$18,MATCH('Scope 1'!$I59,'[1]5-1. Fuel Density'!$C$6:$C$18,0)))) -> Liquefied Petroleum Gas (LPG) | AC59: =IF(OR($X59="㎥",$X59="kg"),$L59,"") -> 24 | AD59: =IF(OR($X59="㎥",$X59="kg"),M59,"") -> 0 | AE59: =IF(OR($X59="㎥",$X59="kg"),N59,"") -> 24 | AF59: =IF(OR($X59="㎥",$X59="kg"),O59,"") -> 0 | AG59: =IF(OR($X59="㎥",$X59="kg"),P59,"") -> 24 | AH59: =IF(OR($X59="㎥",$X59="kg"),Q59,"") -> 12 | AI59: =IF(OR($X59="㎥",$X59="kg"),R59,"") -> 24 | AJ59: =IF(OR($X59="㎥",$X59="kg"),S59,"") -> 0 | AK59: =IF(OR($X59="㎥",$X59="kg"),T59,"") -> 24 | ... AN59: =IF(OR($X59="㎥",$X59="kg"),W59,"") -> 12 | AO59: =IF(SUM(AC59:AN59)-AP59=0,"","X") | AP59: =IF(OR($X59="㎥",$X59="kg"),$K59,"") -> 168 | AQ59: =IF(OR($X59="㎥",$X59="kg"),$X59,"") -> kg | AR59: =IF($C59="","",$AP59*IF($AQ59="㎥",VLOOKUP('Scope 1'!AQ59,'[1]5-3. Unit Conversion'!$B$5:$J$13,3,FALSE)*VLOOKUP('Scope 1'!AB59,'[1]5-1. Fuel Density'!$B$6:$D$18,3,FALSE)*1000,IF($AQ59="kg",VLOOKUP('Scope 1'!AQ59,'[1]5-3. Unit Conversion'!$B$16:$G$21,3,FALSE),0))) -> 168 | AS59: =IFERROR(IF($AB59="","",IF(VLOOKUP($AB59,'[1]5-1. Fuel Density'!$B$6:$G$19,6,0)="Use of other GHGs",0,IF($AB59="Industrial Wastes",$AR59*'[1]5-4. Calorific&Emission factor'!$R$75,$AR59*VLOOKUP($AB59,'[1]5-4. Calorific&Emission factor'!$P$9:$R$74,3,FALSE)))),0) -> 7946.4 | AT59: =IF($AB59="","",IF(OR($AB59="Hydrofluorocarbons(HFCs)",$AB59="ETC"),$AR59*VLOOKUP($J59,'[1]5-4. Calorific&Emission factor'!$B$10:$D$14,3,0)/1000,IF(VLOOKUP($AB59,'[1]5-1. Fuel Density'!$B$6:$G$19,6,0)="Use of other GHGs",$AU59/1000,(($AU59*'[1]5-4. Calorific&Emission factor'!$D$7)+($AV59*'[1]5-4. Calorific&Emission factor'!$D$8)+($AW59*'[1]5-4. Calorific&Emission factor'!$D$9))/1000))) -> 0.50184933 | AU59: =IF($AB59="","",IF(VLOOKUP($AB59,'[1]5-1. Fuel Density'!$B$6:$G$19,6,0)="Use of other GHGs",$AR59*VLOOKUP($AB59,'[1]5-4. Calorific&Emission factor'!$O$9:$Y$74,5,FALSE)/1000000,$AS59*VLOOKUP($AB59,'[1]5-4. Calorific&Emission factor'!$P$9:$Y$74,4,FALSE)/1000000)) -> 501.41784 | AV59: =IF($AB59="","",IF(VLOOKUP($AB59,'[1]5-1. Fuel Density'!$B$6:$G$19,6,0)="Use of other GHGs",0,$AS59*VLOOKUP($AB59,'[1]5-4. Calorific&Emission factor'!$P$9:$Y$74,6,FALSE)/1000000)) -> 0.0079464 | AW59: =IF($AB59="","",IF(VLOOKUP($AB59,'[1]5-1. Fuel Density'!$B$6:$G$19,6,0)="Use of other GHGs",0,$AS59*VLOOKUP($AB59,'[1]5-4. Calorific&Emission factor'!$P$9:$Y$74,9,FALSE)/1000000)) -> 0.00079464
B60: 55 | C60: PT. YONGJIN JAVASUKA GARMENT | D60: PT. YONGJIN JAVASUKA GARMENT (1공장) | E60: Mess | F60: Fuel | G60: Stationary combustion | I60: Liquefied Petroleum Gas (LPG) | J60: LPG 12 KG | K60: 871.78 | L60: 61.38 | M60: 73.84 | N60: 73.84 | O60: 73.38 | P60: 73.84 | Q60: 73.38 | R60: 73.38 | S60: 73.38 | T60: 73.84 | U60: 73.84 | V60: 73.84 | W60: 73.84 | X60: kg | Y60: 2024 | Z60: =VLOOKUP($E60,'[1]5-2. Emission Facility'!$B$7:$D$16,2,0) -> Mess | AA60: =VLOOKUP($Z60,'[1]5-2. Emission Facility'!$C$7:$D$16,2,0) -> Others | AB60: =IF($C60="","",IF(VLOOKUP($C60,'[1]1. General Facility Information'!$C$7:$E$13,3,0)="Korea",'Scope 1'!$I60,INDEX('[1]5-1. Fuel Density'!$B$6:$B$18,MATCH('Scope 1'!$I60,'[1]5-1. Fuel Density'!$C$6:$C$18,0)))) -> Liquefied Petroleum Gas (LPG) | AC60: =IF(OR($X60="㎥",$X60="kg"),$L60,"") -> 61.38 | AD60: =IF(OR($X60="㎥",$X60="kg"),M60,"") -> 73.84 | AE60: =IF(OR($X60="㎥",$X60="kg"),N60,"") -> 73.84 | AF60: =IF(OR($X60="㎥",$X60="kg"),O60,"") -> 73.38 | AG60: =IF(OR($X60="㎥",$X60="kg"),P60,"") -> 73.84 | AH60: =IF(OR($X60="㎥",$X60="kg"),Q60,"") -> 73.38 | AI60: =IF(OR($X60="㎥",$X60="kg"),R60,"") -> 73.38 | AJ60: =IF(OR($X60="㎥",$X60="kg"),S60,"") -> 73.38 | AK60: =IF(OR($X60="㎥",$X60="kg"),T60,"") -> 73.84 | ... AN60: =IF(OR($X60="㎥",$X60="kg"),W60,"") -> 73.84 | AO60: =IF(SUM(AC60:AN60)-AP60=0,"","X") | AP60: =IF(OR($X60="㎥",$X60="kg"),$K60,"") -> 871.78 | AQ60: =IF(OR($X60="㎥",$X60="kg"),$X60,"") -> kg | AR60: =IF($C60="","",$AP60*IF($AQ60="㎥",VLOOKUP('Scope 1'!AQ60,'[1]5-3. Unit Conversion'!$B$5:$J$13,3,FALSE)*VLOOKUP('Scope 1'!AB60,'[1]5-1. Fuel Density'!$B$6:$D$18,3,FALSE)*1000,IF($AQ60="kg",VLOOKUP('Scope 1'!AQ60,'[1]5-3. Unit Conversion'!$B$16:$G$21,3,FALSE),0))) -> 871.78 | AS60: =IFERROR(IF($AB60="","",IF(VLOOKUP($AB60,'[1]5-1. Fuel Density'!$B$6:$G$19,6,0)="Use of other GHGs",0,IF($AB60="Industrial Wastes",$AR60*'[1]5-4. Calorific&Emission factor'!$R$75,$AR60*VLOOKUP($AB60,'[1]5-4. Calorific&Emission factor'!$P$9:$R$74,3,FALSE)))),0) -> 41235.194 | AT60: =IF($AB60="","",IF(OR($AB60="Hydrofluorocarbons(HFCs)",$AB60="ETC"),$AR60*VLOOKUP($J60,'[1]5-4. Calorific&Emission factor'!$B$10:$D$14,3,0)/1000,IF(VLOOKUP($AB60,'[1]5-1. Fuel Density'!$B$6:$G$19,6,0)="Use of other GHGs",$AU60/1000,(($AU60*'[1]5-4. Calorific&Emission factor'!$D$7)+($AV60*'[1]5-4. Calorific&Emission factor'!$D$8)+($AW60*'[1]5-4. Calorific&Emission factor'!$D$9))/1000))) -> 2.6041798 | AU60: =IF($AB60="","",IF(VLOOKUP($AB60,'[1]5-1. Fuel Density'!$B$6:$G$19,6,0)="Use of other GHGs",$AR60*VLOOKUP($AB60,'[1]5-4. Calorific&Emission factor'!$O$9:$Y$74,5,FALSE)/1000000,$AS60*VLOOKUP($AB60,'[1]5-4. Calorific&Emission factor'!$P$9:$Y$74,4,FALSE)/1000000)) -> 2601.9407 | AV60: =IF($AB60="","",IF(VLOOKUP($AB60,'[1]5-1. Fuel Density'!$B$6:$G$19,6,0)="Use of other GHGs",0,$AS60*VLOOKUP($AB60,'[1]5-4. Calorific&Emission factor'!$P$9:$Y$74,6,FALSE)/1000000)) -> 0.041235194 | AW60: =IF($AB60="","",IF(VLOOKUP($AB60,'[1]5-1. Fuel Density'!$B$6:$G$19,6,0)="Use of other GHGs",0,$AS60*VLOOKUP($AB60,'[1]5-4. Calorific&Emission factor'!$P$9:$Y$74,9,FALSE)/1000000)) -> 0.0041235194
B61: 56 | C61: PT. YONGJIN JAVASUKA GARMENT | D61: PT. YONGJIN JAVASUKA GARMENT (1공장) | E61: Generator | F61: Fuel | G61: Stationary combustion | I61: Gas / Diesel oil | J61: SOLAR/DIESEL OIL | K61: 3.38 | L61: 0.244 | M61: 0.106 | N61: 0.85 | O61: 0.25 | P61: 0.1 | Q61: 0.105 | R61: 0.125 | S61: 0.15 | T61: 0.125 | U61: 0.85 | V61: 0.375 | W61: 0.1 | X61: ㎥ | Y61: 2024 | Z61: =VLOOKUP($E61,'[1]5-2. Emission Facility'!$B$7:$D$16,2,0) -> Generator | AA61: =VLOOKUP($Z61,'[1]5-2. Emission Facility'!$C$7:$D$16,2,0) -> Stationary Combustion | AB61: =IF($C61="","",IF(VLOOKUP($C61,'[1]1. General Facility Information'!$C$7:$E$13,3,0)="Korea",'Scope 1'!$I61,INDEX('[1]5-1. Fuel Density'!$B$6:$B$18,MATCH('Scope 1'!$I61,'[1]5-1. Fuel Density'!$C$6:$C$18,0)))) -> Gas / Diesel oil | AC61: =IF(OR($X61="㎥",$X61="kg"),$L61,"") -> 0.244 | AD61: =IF(OR($X61="㎥",$X61="kg"),M61,"") -> 0.106 | AE61: =IF(OR($X61="㎥",$X61="kg"),N61,"") -> 0.85 | AF61: =IF(OR($X61="㎥",$X61="kg"),O61,"") -> 0.25 | AG61: =IF(OR($X61="㎥",$X61="kg"),P61,"") -> 0.1 | AH61: =IF(OR($X61="㎥",$X61="kg"),Q61,"") -> 0.105 | AI61: =IF(OR($X61="㎥",$X61="kg"),R61,"") -> 0.125 | AJ61: =IF(OR($X61="㎥",$X61="kg"),S61,"") -> 0.15 | AK61: =IF(OR($X61="㎥",$X61="kg"),T61,"") -> 0.125 | ... AN61: =IF(OR($X61="㎥",$X61="kg"),W61,"") -> 0.1 | AO61: =IF(SUM(AC61:AN61)-AP61=0,"","X") | AP61: =IF(OR($X61="㎥",$X61="kg"),$K61,"") -> 3.38 | AQ61: =IF(OR($X61="㎥",$X61="kg"),$X61,"") -> ㎥ | AR61: =IF($C61="","",$AP61*IF($AQ61="㎥",VLOOKUP('Scope 1'!AQ61,'[1]5-3. Unit Conversion'!$B$5:$J$13,3,FALSE)*VLOOKUP('Scope 1'!AB61,'[1]5-1. Fuel Density'!$B$6:$D$18,3,FALSE)*1000,IF($AQ61="kg",VLOOKUP('Scope 1'!AQ61,'[1]5-3. Unit Conversion'!$B$16:$G$21,3,FALSE),0))) -> 2852.72 | AS61: =IFERROR(IF($AB61="","",IF(VLOOKUP($AB61,'[1]5-1. Fuel Density'!$B$6:$G$19,6,0)="Use of other GHGs",0,IF($AB61="Industrial Wastes",$AR61*'[1]5-4. Calorific&Emission factor'!$R$75,$AR61*VLOOKUP($AB61,'[1]5-4. Calorific&Emission factor'!$P$9:$R$74,3,FALSE)))),0) -> 122666.96 | AT61: =IF($AB61="","",IF(OR($AB61="Hydrofluorocarbons(HFCs)",$AB61="ETC"),$AR61*VLOOKUP($J61,'[1]5-4. Calorific&Emission factor'!$B$10:$D$14,3,0)/1000,IF(VLOOKUP($AB61,'[1]5-1. Fuel Density'!$B$6:$G$19,6,0)="Use of other GHGs",$AU61/1000,(($AU61*'[1]5-4. Calorific&Emission factor'!$D$7)+($AV61*'[1]5-4. Calorific&Emission factor'!$D$8)+($AW61*'[1]5-4. Calorific&Emission factor'!$D$9))/1000))) -> 9.1196506 | AU61: =IF($AB61="","",IF(VLOOKUP($AB61,'[1]5-1. Fuel Density'!$B$6:$G$19,6,0)="Use of other GHGs",$AR61*VLOOKUP($AB61,'[1]5-4. Calorific&Emission factor'!$O$9:$Y$74,5,FALSE)/1000000,$AS61*VLOOKUP($AB61,'[1]5-4. Calorific&Emission factor'!$P$9:$Y$74,4,FALSE)/1000000)) -> 9089.6217 | AV61: =IF($AB61="","",IF(VLOOKUP($AB61,'[1]5-1. Fuel Density'!$B$6:$G$19,6,0)="Use of other GHGs",0,$AS61*VLOOKUP($AB61,'[1]5-4. Calorific&Emission factor'!$P$9:$Y$74,6,FALSE)/1000000)) -> 0.36800088 | AW61: =IF($AB61="","",IF(VLOOKUP($AB61,'[1]5-1. Fuel Density'!$B$6:$G$19,6,0)="Use of other GHGs",0,$AS61*VLOOKUP($AB61,'[1]5-4. Calorific&Emission factor'!$P$9:$Y$74,9,FALSE)/1000000)) -> 0.073600176
B62: 57 | C62: PT. YONGJIN JAVASUKA GARMENT | D62: PT. YONGJIN JAVASUKA GARMENT (1공장) | E62: Boiler | F62: Fuel | G62: Stationary combustion | I62: Industrial Wastes | J62: FABRIC WASTE FROM CUTTING | K62: 364500 | L62: 29700 | M62: 27000 | N62: 27000 | O62: 17550 | P62: 27000 | Q62: 33750 | R62: 41850 | S62: 31050 | T62: 27000 | U62: 32400 | V62: 28350 | W62: 41850 | X62: kg | Y62: 2024 | Z62: =VLOOKUP($E62,'[1]5-2. Emission Facility'!$B$7:$D$16,2,0) -> Boiler | AA62: =VLOOKUP($Z62,'[1]5-2. Emission Facility'!$C$7:$D$16,2,0) -> Stationary Combustion | AB62: =IF($C62="","",IF(VLOOKUP($C62,'[1]1. General Facility Information'!$C$7:$E$13,3,0)="Korea",'Scope 1'!$I62,INDEX('[1]5-1. Fuel Density'!$B$6:$B$18,MATCH('Scope 1'!$I62,'[1]5-1. Fuel Density'!$C$6:$C$18,0)))) -> Industrial Wastes | AC62: =IF(OR($X62="㎥",$X62="kg"),$L62,"") -> 29700 | AD62: =IF(OR($X62="㎥",$X62="kg"),M62,"") -> 27000 | AE62: =IF(OR($X62="㎥",$X62="kg"),N62,"") -> 27000 | AF62: =IF(OR($X62="㎥",$X62="kg"),O62,"") -> 17550 | AG62: =IF(OR($X62="㎥",$X62="kg"),P62,"") -> 27000 | AH62: =IF(OR($X62="㎥",$X62="kg"),Q62,"") -> 33750 | AI62: =IF(OR($X62="㎥",$X62="kg"),R62,"") -> 41850 | AJ62: =IF(OR($X62="㎥",$X62="kg"),S62,"") -> 31050 | AK62: =IF(OR($X62="㎥",$X62="kg"),T62,"") -> 27000 | ... AN62: =IF(OR($X62="㎥",$X62="kg"),W62,"") -> 41850 | AO62: =IF(SUM(AC62:AN62)-AP62=0,"","X") | AP62: =IF(OR($X62="㎥",$X62="kg"),$K62,"") -> 364500 | AQ62: =IF(OR($X62="㎥",$X62="kg"),$X62,"") -> kg | AR62: =IF($C62="","",$AP62*IF($AQ62="㎥",VLOOKUP('Scope 1'!AQ62,'[1]5-3. Unit Conversion'!$B$5:$J$13,3,FALSE)*VLOOKUP('Scope 1'!AB62,'[1]5-1. Fuel Density'!$B$6:$D$18,3,FALSE)*1000,IF($AQ62="kg",VLOOKUP('Scope 1'!AQ62,'[1]5-3. Unit Conversion'!$B$16:$G$21,3,FALSE),0))) -> 364500 | AS62: =IFERROR(IF($AB62="","",IF(VLOOKUP($AB62,'[1]5-1. Fuel Density'!$B$6:$G$19,6,0)="Use of other GHGs",0,IF($AB62="Industrial Wastes",$AR62*'[1]5-4. Calorific&Emission factor'!$R$75,$AR62*VLOOKUP($AB62,'[1]5-4. Calorific&Emission factor'!$P$9:$R$74,3,FALSE)))),0) -> 7930359.2 | AT62: =IF($AB62="","",IF(OR($AB62="Hydrofluorocarbons(HFCs)",$AB62="ETC"),$AR62*VLOOKUP($J62,'[1]5-4. Calorific&Emission factor'!$B$10:$D$14,3,0)/1000,IF(VLOOKUP($AB62,'[1]5-1. Fuel Density'!$B$6:$G$19,6,0)="Use of other GHGs",$AU62/1000,(($AU62*'[1]5-4. Calorific&Emission factor'!$D$7)+($AV62*'[1]5-4. Calorific&Emission factor'!$D$8)+($AW62*'[1]5-4. Calorific&Emission factor'!$D$9))/1000))) -> 1149.1249 | AU62: =IF($AB62="","",IF(VLOOKUP($AB62,'[1]5-1. Fuel Density'!$B$6:$G$19,6,0)="Use of other GHGs",$AR62*VLOOKUP($AB62,'[1]5-4. Calorific&Emission factor'!$O$9:$Y$74,5,FALSE)/1000000,$AS62*VLOOKUP($AB62,'[1]5-4. Calorific&Emission factor'!$P$9:$Y$74,4,FALSE)/1000000)) -> 1134041.4 | AV62: =IF($AB62="","",IF(VLOOKUP($AB62,'[1]5-1. Fuel Density'!$B$6:$G$19,6,0)="Use of other GHGs",0,$AS62*VLOOKUP($AB62,'[1]5-4. Calorific&Emission factor'!$P$9:$Y$74,6,FALSE)/1000000)) -> 237.91078 | AW62: =IF($AB62="","",IF(VLOOKUP($AB62,'[1]5-1. Fuel Density'!$B$6:$G$19,6,0)="Use of other GHGs",0,$AS62*VLOOKUP($AB62,'[1]5-4. Calorific&Emission factor'!$P$9:$Y$74,9,FALSE)/1000000)) -> 31.721437
B63: 58 | C63: PT. YONGJIN JAVASUKA GARMENT | D63: PT. YONGJIN JAVASUKA GARMENT (1공장) | E63: AC | F63: RawMaterial | G63: Stationary combustion | I63: Hydrofluorocarbons(HFCs) | J63: HFC-410A | K63: 11.6 | T63: 11.6 | X63: kg | Y63: 2024 | Z63: =VLOOKUP($E63,'[1]5-2. Emission Facility'!$B$7:$D$16,2,0) -> AC | AA63: =VLOOKUP($Z63,'[1]5-2. Emission Facility'!$C$7:$D$16,2,0) -> Process Emissions | AB63: =IF($C63="","",IF(VLOOKUP($C63,'[1]1. General Facility Information'!$C$7:$E$13,3,0)="Korea",'Scope 1'!$I63,INDEX('[1]5-1. Fuel Density'!$B$6:$B$18,MATCH('Scope 1'!$I63,'[1]5-1. Fuel Density'!$C$6:$C$18,0)))) -> Hydrofluorocarbons(HFCs) | AC63: =IF(OR($X63="㎥",$X63="kg"),$L63,"") -> 0 | AD63: =IF(OR($X63="㎥",$X63="kg"),M63,"") -> 0 | AE63: =IF(OR($X63="㎥",$X63="kg"),N63,"") -> 0 | AF63: =IF(OR($X63="㎥",$X63="kg"),O63,"") -> 0 | AG63: =IF(OR($X63="㎥",$X63="kg"),P63,"") -> 0 | AH63: =IF(OR($X63="㎥",$X63="kg"),Q63,"") -> 0 | AI63: =IF(OR($X63="㎥",$X63="kg"),R63,"") -> 0 | AJ63: =IF(OR($X63="㎥",$X63="kg"),S63,"") -> 0 | AK63: =IF(OR($X63="㎥",$X63="kg"),T63,"") -> 11.6 | ... AN63: =IF(OR($X63="㎥",$X63="kg"),W63,"") -> 0 | AO63: =IF(SUM(AC63:AN63)-AP63=0,"","X") | AP63: =IF(OR($X63="㎥",$X63="kg"),$K63,"") -> 11.6 | AQ63: =IF(OR($X63="㎥",$X63="kg"),$X63,"") -> kg | AR63: =IF($C63="","",$AP63*IF($AQ63="㎥",VLOOKUP('Scope 1'!AQ63,'[1]5-3. Unit Conversion'!$B$5:$J$13,3,FALSE)*VLOOKUP('Scope 1'!AB63,'[1]5-1. Fuel Density'!$B$6:$D$18,3,FALSE)*1000,IF($AQ63="kg",VLOOKUP('Scope 1'!AQ63,'[1]5-3. Unit Conversion'!$B$16:$G$21,3,FALSE),0))) -> 11.6 | AS63: =IFERROR(IF($AB63="","",IF(VLOOKUP($AB63,'[1]5-1. Fuel Density'!$B$6:$G$19,6,0)="Use of other GHGs",0,IF($AB63="Industrial Wastes",$AR63*'[1]5-4. Calorific&Emission factor'!$R$75,$AR63*VLOOKUP($AB63,'[1]5-4. Calorific&Emission factor'!$P$9:$R$74,3,FALSE)))),0) -> 0 | AT63: =IF($AB63="","",IF(OR($AB63="Hydrofluorocarbons(HFCs)",$AB63="ETC"),$AR63*VLOOKUP($J63,'[1]5-4. Calorific&Emission factor'!$B$10:$D$14,3,0)/1000,IF(VLOOKUP($AB63,'[1]5-1. Fuel Density'!$B$6:$G$19,6,0)="Use of other GHGs",$AU63/1000,(($AU63*'[1]5-4. Calorific&Emission factor'!$D$7)+($AV63*'[1]5-4. Calorific&Emission factor'!$D$8)+($AW63*'[1]5-4. Calorific&Emission factor'!$D$9))/1000))) -> 26.1638 | AU63: =IF($AB63="","",IF(VLOOKUP($AB63,'[1]5-1. Fuel Density'!$B$6:$G$19,6,0)="Use of other GHGs",$AR63*VLOOKUP($AB63,'[1]5-4. Calorific&Emission factor'!$O$9:$Y$74,5,FALSE)/1000000,$AS63*VLOOKUP($AB63,'[1]5-4. Calorific&Emission factor'!$P$9:$Y$74,4,FALSE)/1000000)) -> 0 | AV63: =IF($AB63="","",IF(VLOOKUP($AB63,'[1]5-1. Fuel Density'!$B$6:$G$19,6,0)="Use of other GHGs",0,$AS63*VLOOKUP($AB63,'[1]5-4. Calorific&Emission factor'!$P$9:$Y$74,6,FALSE)/1000000)) -> 0 | AW63: =IF($AB63="","",IF(VLOOKUP($AB63,'[1]5-1. Fuel Density'!$B$6:$G$19,6,0)="Use of other GHGs",0,$AS63*VLOOKUP($AB63,'[1]5-4. Calorific&Emission factor'!$P$9:$Y$74,9,FALSE)/1000000)) -> 0
B64: 59 | C64: PT. YONGJIN JAVASUKA GARMENT | D64: PT. YONGJIN JAVASUKA GARMENT (1공장) | E64: AC | F64: RawMaterial | G64: Stationary combustion | I64: ETC | J64: HFC-32 | K64: 10 | P64: 10 | X64: kg | Y64: 2024 | Z64: =VLOOKUP($E64,'[1]5-2. Emission Facility'!$B$7:$D$16,2,0) -> AC | AA64: =VLOOKUP($Z64,'[1]5-2. Emission Facility'!$C$7:$D$16,2,0) -> Process Emissions | AB64: =IF($C64="","",IF(VLOOKUP($C64,'[1]1. General Facility Information'!$C$7:$E$13,3,0)="Korea",'Scope 1'!$I64,INDEX('[1]5-1. Fuel Density'!$B$6:$B$18,MATCH('Scope 1'!$I64,'[1]5-1. Fuel Density'!$C$6:$C$18,0)))) -> Hydrofluorocarbons(HFCs) | AC64: =IF(OR($X64="㎥",$X64="kg"),$L64,"") -> 0 | AD64: =IF(OR($X64="㎥",$X64="kg"),M64,"") -> 0 | AE64: =IF(OR($X64="㎥",$X64="kg"),N64,"") -> 0 | AF64: =IF(OR($X64="㎥",$X64="kg"),O64,"") -> 0 | AG64: =IF(OR($X64="㎥",$X64="kg"),P64,"") -> 10 | AH64: =IF(OR($X64="㎥",$X64="kg"),Q64,"") -> 0 | AI64: =IF(OR($X64="㎥",$X64="kg"),R64,"") -> 0 | AJ64: =IF(OR($X64="㎥",$X64="kg"),S64,"") -> 0 | AK64: =IF(OR($X64="㎥",$X64="kg"),T64,"") -> 0 | ... AN64: =IF(OR($X64="㎥",$X64="kg"),W64,"") -> 0 | AO64: =IF(SUM(AC64:AN64)-AP64=0,"","X") | AP64: =IF(OR($X64="㎥",$X64="kg"),$K64,"") -> 10 | AQ64: =IF(OR($X64="㎥",$X64="kg"),$X64,"") -> kg | AR64: =IF($C64="","",$AP64*IF($AQ64="㎥",VLOOKUP('Scope 1'!AQ64,'[1]5-3. Unit Conversion'!$B$5:$J$13,3,FALSE)*VLOOKUP('Scope 1'!AB64,'[1]5-1. Fuel Density'!$B$6:$D$18,3,FALSE)*1000,IF($AQ64="kg",VLOOKUP('Scope 1'!AQ64,'[1]5-3. Unit Conversion'!$B$16:$G$21,3,FALSE),0))) -> 10 | AS64: =IFERROR(IF($AB64="","",IF(VLOOKUP($AB64,'[1]5-1. Fuel Density'!$B$6:$G$19,6,0)="Use of other GHGs",0,IF($AB64="Industrial Wastes",$AR64*'[1]5-4. Calorific&Emission factor'!$R$75,$AR64*VLOOKUP($AB64,'[1]5-4. Calorific&Emission factor'!$P$9:$R$74,3,FALSE)))),0) -> 0 | AT64: =IF($AB64="","",IF(OR($AB64="Hydrofluorocarbons(HFCs)",$AB64="ETC"),$AR64*VLOOKUP($J64,'[1]5-4. Calorific&Emission factor'!$B$10:$D$14,3,0)/1000,IF(VLOOKUP($AB64,'[1]5-1. Fuel Density'!$B$6:$G$19,6,0)="Use of other GHGs",$AU64/1000,(($AU64*'[1]5-4. Calorific&Emission factor'!$D$7)+($AV64*'[1]5-4. Calorific&Emission factor'!$D$8)+($AW64*'[1]5-4. Calorific&Emission factor'!$D$9))/1000))) -> 7.71 | AU64: =IF($AB64="","",IF(VLOOKUP($AB64,'[1]5-1. Fuel Density'!$B$6:$G$19,6,0)="Use of other GHGs",$AR64*VLOOKUP($AB64,'[1]5-4. Calorific&Emission factor'!$O$9:$Y$74,5,FALSE)/1000000,$AS64*VLOOKUP($AB64,'[1]5-4. Calorific&Emission factor'!$P$9:$Y$74,4,FALSE)/1000000)) -> 0 | AV64: =IF($AB64="","",IF(VLOOKUP($AB64,'[1]5-1. Fuel Density'!$B$6:$G$19,6,0)="Use of other GHGs",0,$AS64*VLOOKUP($AB64,'[1]5-4. Calorific&Emission factor'!$P$9:$Y$74,6,FALSE)/1000000)) -> 0 | AW64: =IF($AB64="","",IF(VLOOKUP($AB64,'[1]5-1. Fuel Density'!$B$6:$G$19,6,0)="Use of other GHGs",0,$AS64*VLOOKUP($AB64,'[1]5-4. Calorific&Emission factor'!$P$9:$Y$74,9,FALSE)/1000000)) -> 0
B65: 60 | C65: PT. YONGJIN JAVASUKA GARMENT | D65: PT. YONGJIN JAVASUKA GARMENT (1공장) | E65: Car | F65: Fuel | G65: Mobile combustion | I65: Automotive gasoline/diesel oil | J65: DIESEL OIL | K65: 19.046 | L65: 1.343 | M65: 1.309 | N65: 1.744 | O65: 0.999 | P65: 1.594 | Q65: 1.604 | R65: 1.698 | S65: 0.368 | T65: 1.904 | U65: 2.102 | V65: 2.244 | W65: 2.137 | X65: ㎥ | Y65: 2024 | Z65: =VLOOKUP($E65,'[1]5-2. Emission Facility'!$B$7:$D$16,2,0) -> Vehicle | AA65: =VLOOKUP($Z65,'[1]5-2. Emission Facility'!$C$7:$D$16,2,0) -> Mobile combustion | AB65: =IF($C65="","",IF(VLOOKUP($C65,'[1]1. General Facility Information'!$C$7:$E$13,3,0)="Korea",'Scope 1'!$I65,INDEX('[1]5-1. Fuel Density'!$B$6:$B$18,MATCH('Scope 1'!$I65,'[1]5-1. Fuel Density'!$C$6:$C$18,0)))) -> Automotive gasoline (petrol) | AC65: =IF(OR($X65="㎥",$X65="kg"),$L65,"") -> 1.343 | AD65: =IF(OR($X65="㎥",$X65="kg"),M65,"") -> 1.309 | AE65: =IF(OR($X65="㎥",$X65="kg"),N65,"") -> 1.744 | AF65: =IF(OR($X65="㎥",$X65="kg"),O65,"") -> 0.999 | AG65: =IF(OR($X65="㎥",$X65="kg"),P65,"") -> 1.594 | AH65: =IF(OR($X65="㎥",$X65="kg"),Q65,"") -> 1.604 | AI65: =IF(OR($X65="㎥",$X65="kg"),R65,"") -> 1.698 | AJ65: =IF(OR($X65="㎥",$X65="kg"),S65,"") -> 0.368 | AK65: =IF(OR($X65="㎥",$X65="kg"),T65,"") -> 1.904 | ... AN65: =IF(OR($X65="㎥",$X65="kg"),W65,"") -> 2.137 | AO65: =IF(SUM(AC65:AN65)-AP65=0,"","X") | AP65: =IF(OR($X65="㎥",$X65="kg"),$K65,"") -> 19.046 | AQ65: =IF(OR($X65="㎥",$X65="kg"),$X65,"") -> ㎥ | AR65: =IF($C65="","",$AP65*IF($AQ65="㎥",VLOOKUP('Scope 1'!AQ65,'[1]5-3. Unit Conversion'!$B$5:$J$13,3,FALSE)*VLOOKUP('Scope 1'!AB65,'[1]5-1. Fuel Density'!$B$6:$D$18,3,FALSE)*1000,IF($AQ65="kg",VLOOKUP('Scope 1'!AQ65,'[1]5-3. Unit Conversion'!$B$16:$G$21,3,FALSE),0))) -> 14113.086 | AS65: =IFERROR(IF($AB65="","",IF(VLOOKUP($AB65,'[1]5-1. Fuel Density'!$B$6:$G$19,6,0)="Use of other GHGs",0,IF($AB65="Industrial Wastes",$AR65*'[1]5-4. Calorific&Emission factor'!$R$75,$AR65*VLOOKUP($AB65,'[1]5-4. Calorific&Emission factor'!$P$9:$R$74,3,FALSE)))),0) -> 625209.71 | AT65: =IF($AB65="","",IF(OR($AB65="Hydrofluorocarbons(HFCs)",$AB65="ETC"),$AR65*VLOOKUP($J65,'[1]5-4. Calorific&Emission factor'!$B$10:$D$14,3,0)/1000,IF(VLOOKUP($AB65,'[1]5-1. Fuel Density'!$B$6:$G$19,6,0)="Use of other GHGs",$AU65/1000,(($AU65*'[1]5-4. Calorific&Emission factor'!$D$7)+($AV65*'[1]5-4. Calorific&Emission factor'!$D$8)+($AW65*'[1]5-4. Calorific&Emission factor'!$D$9))/1000))) -> 43.480084 | AU65: =IF($AB65="","",IF(VLOOKUP($AB65,'[1]5-1. Fuel Density'!$B$6:$G$19,6,0)="Use of other GHGs",$AR65*VLOOKUP($AB65,'[1]5-4. Calorific&Emission factor'!$O$9:$Y$74,5,FALSE)/1000000,$AS65*VLOOKUP($AB65,'[1]5-4. Calorific&Emission factor'!$P$9:$Y$74,4,FALSE)/1000000)) -> 43327.033 | AV65: =IF($AB65="","",IF(VLOOKUP($AB65,'[1]5-1. Fuel Density'!$B$6:$G$19,6,0)="Use of other GHGs",0,$AS65*VLOOKUP($AB65,'[1]5-4. Calorific&Emission factor'!$P$9:$Y$74,6,FALSE)/1000000)) -> 1.8756291 | AW65: =IF($AB65="","",IF(VLOOKUP($AB65,'[1]5-1. Fuel Density'!$B$6:$G$19,6,0)="Use of other GHGs",0,$AS65*VLOOKUP($AB65,'[1]5-4. Calorific&Emission factor'!$P$9:$Y$74,9,FALSE)/1000000)) -> 0.37512583
B66: 61 | C66: PT. YONGJIN JAVASUKA GARMENT | D66: PT. YONGJIN JAVASUKA GARMENT (1공장) | E66: Car | F66: Fuel | G66: Mobile combustion | I66: Automotive gasoline/diesel oil | J66: GASOLINE | K66: 42.312629 | L66: 3.11566 | M66: 2.5305 | N66: 3.38209 | O66: 2.58228 | P66: 4.11348 | Q66: 4.108369 | R66: 4.20645 | S66: 0.7724 | T66: 5.0027 | U66: 4.66642 | V66: 4.74671 | W66: 3.08557 | X66: ㎥ | Y66: 2024 | Z66: =VLOOKUP($E66,'[1]5-2. Emission Facility'!$B$7:$D$16,2,0) -> Vehicle | AA66: =VLOOKUP($Z66,'[1]5-2. Emission Facility'!$C$7:$D$16,2,0) -> Mobile combustion | AB66: =IF($C66="","",IF(VLOOKUP($C66,'[1]1. General Facility Information'!$C$7:$E$13,3,0)="Korea",'Scope 1'!$I66,INDEX('[1]5-1. Fuel Density'!$B$6:$B$18,MATCH('Scope 1'!$I66,'[1]5-1. Fuel Density'!$C$6:$C$18,0)))) -> Automotive gasoline (petrol) | AC66: =IF(OR($X66="㎥",$X66="kg"),$L66,"") -> 3.11566 | AD66: =IF(OR($X66="㎥",$X66="kg"),M66,"") -> 2.5305 | AE66: =IF(OR($X66="㎥",$X66="kg"),N66,"") -> 3.38209 | AF66: =IF(OR($X66="㎥",$X66="kg"),O66,"") -> 2.58228 | AG66: =IF(OR($X66="㎥",$X66="kg"),P66,"") -> 4.11348 | AH66: =IF(OR($X66="㎥",$X66="kg"),Q66,"") -> 4.108369 | AI66: =IF(OR($X66="㎥",$X66="kg"),R66,"") -> 4.20645 | AJ66: =IF(OR($X66="㎥",$X66="kg"),S66,"") -> 0.7724 | AK66: =IF(OR($X66="㎥",$X66="kg"),T66,"") -> 5.0027 | ... AN66: =IF(OR($X66="㎥",$X66="kg"),W66,"") -> 3.08557 | AO66: =IF(SUM(AC66:AN66)-AP66=0,"","X") | AP66: =IF(OR($X66="㎥",$X66="kg"),$K66,"") -> 42.312629 | AQ66: =IF(OR($X66="㎥",$X66="kg"),$X66,"") -> ㎥ | AR66: =IF($C66="","",$AP66*IF($AQ66="㎥",VLOOKUP('Scope 1'!AQ66,'[1]5-3. Unit Conversion'!$B$5:$J$13,3,FALSE)*VLOOKUP('Scope 1'!AB66,'[1]5-1. Fuel Density'!$B$6:$D$18,3,FALSE)*1000,IF($AQ66="kg",VLOOKUP('Scope 1'!AQ66,'[1]5-3. Unit Conversion'!$B$16:$G$21,3,FALSE),0))) -> 31353.658 | AS66: =IFERROR(IF($AB66="","",IF(VLOOKUP($AB66,'[1]5-1. Fuel Density'!$B$6:$G$19,6,0)="Use of other GHGs",0,IF($AB66="Industrial Wastes",$AR66*'[1]5-4. Calorific&Emission factor'!$R$75,$AR66*VLOOKUP($AB66,'[1]5-4. Calorific&Emission factor'!$P$9:$R$74,3,FALSE)))),0) -> 1388967.1 | AT66: =IF($AB66="","",IF(OR($AB66="Hydrofluorocarbons(HFCs)",$AB66="ETC"),$AR66*VLOOKUP($J66,'[1]5-4. Calorific&Emission factor'!$B$10:$D$14,3,0)/1000,IF(VLOOKUP($AB66,'[1]5-1. Fuel Density'!$B$6:$G$19,6,0)="Use of other GHGs",$AU66/1000,(($AU66*'[1]5-4. Calorific&Emission factor'!$D$7)+($AV66*'[1]5-4. Calorific&Emission factor'!$D$8)+($AW66*'[1]5-4. Calorific&Emission factor'!$D$9))/1000))) -> 96.595436 | AU66: =IF($AB66="","",IF(VLOOKUP($AB66,'[1]5-1. Fuel Density'!$B$6:$G$19,6,0)="Use of other GHGs",$AR66*VLOOKUP($AB66,'[1]5-4. Calorific&Emission factor'!$O$9:$Y$74,5,FALSE)/1000000,$AS66*VLOOKUP($AB66,'[1]5-4. Calorific&Emission factor'!$P$9:$Y$74,4,FALSE)/1000000)) -> 96255.417 | AV66: =IF($AB66="","",IF(VLOOKUP($AB66,'[1]5-1. Fuel Density'!$B$6:$G$19,6,0)="Use of other GHGs",0,$AS66*VLOOKUP($AB66,'[1]5-4. Calorific&Emission factor'!$P$9:$Y$74,6,FALSE)/1000000)) -> 4.1669012 | AW66: =IF($AB66="","",IF(VLOOKUP($AB66,'[1]5-1. Fuel Density'!$B$6:$G$19,6,0)="Use of other GHGs",0,$AS66*VLOOKUP($AB66,'[1]5-4. Calorific&Emission factor'!$P$9:$Y$74,9,FALSE)/1000000)) -> 0.83338023
B67: 62 | C67: PT. YONGJIN JAVASUKA GARMENT | D67: PT. YONGJIN JAVASUKA GARMENT (2,3공장) | E67: Mess | F67: Fuel | G67: Stationary combustion | I67: Liquefied Petroleum Gas (LPG) | J67: LPG 12 KG & CAN 230 GR | K67: 1463.2971 | L67: 146.46 | M67: 146.46 | O67: 144 | P67: 146.46 | Q67: 146.46 | R67: 144 | S67: 146.46 | T67: 148.27 | U67: 1.8071429 | V67: 146.46 | W67: 146.46 | X67: kg | Y67: 2024 | Z67: =VLOOKUP($E67,'[1]5-2. Emission Facility'!$B$7:$D$16,2,0) -> Mess | AA67: =VLOOKUP($Z67,'[1]5-2. Emission Facility'!$C$7:$D$16,2,0) -> Others | AB67: =IF($C67="","",IF(VLOOKUP($C67,'[1]1. General Facility Information'!$C$7:$E$13,3,0)="Korea",'Scope 1'!$I67,INDEX('[1]5-1. Fuel Density'!$B$6:$B$18,MATCH('Scope 1'!$I67,'[1]5-1. Fuel Density'!$C$6:$C$18,0)))) -> Liquefied Petroleum Gas (LPG) | AC67: =IF(OR($X67="㎥",$X67="kg"),$L67,"") -> 146.46 | AD67: =IF(OR($X67="㎥",$X67="kg"),M67,"") -> 146.46 | AE67: =IF(OR($X67="㎥",$X67="kg"),N67,"") -> 0 | AF67: =IF(OR($X67="㎥",$X67="kg"),O67,"") -> 144 | AG67: =IF(OR($X67="㎥",$X67="kg"),P67,"") -> 146.46 | AH67: =IF(OR($X67="㎥",$X67="kg"),Q67,"") -> 146.46 | AI67: =IF(OR($X67="㎥",$X67="kg"),R67,"") -> 144 | AJ67: =IF(OR($X67="㎥",$X67="kg"),S67,"") -> 146.46 | AK67: =IF(OR($X67="㎥",$X67="kg"),T67,"") -> 148.27 | ... AN67: =IF(OR($X67="㎥",$X67="kg"),W67,"") -> 146.46 | AO67: =IF(SUM(AC67:AN67)-AP67=0,"","X") | AP67: =IF(OR($X67="㎥",$X67="kg"),$K67,"") -> 1463.2971 | AQ67: =IF(OR($X67="㎥",$X67="kg"),$X67,"") -> kg | AR67: =IF($C67="","",$AP67*IF($AQ67="㎥",VLOOKUP('Scope 1'!AQ67,'[1]5-3. Unit Conversion'!$B$5:$J$13,3,FALSE)*VLOOKUP('Scope 1'!AB67,'[1]5-1. Fuel Density'!$B$6:$D$18,3,FALSE)*1000,IF($AQ67="kg",VLOOKUP('Scope 1'!AQ67,'[1]5-3. Unit Conversion'!$B$16:$G$21,3,FALSE),0))) -> 1463.2971 | AS67: =IFERROR(IF($AB67="","",IF(VLOOKUP($AB67,'[1]5-1. Fuel Density'!$B$6:$G$19,6,0)="Use of other GHGs",0,IF($AB67="Industrial Wastes",$AR67*'[1]5-4. Calorific&Emission factor'!$R$75,$AR67*VLOOKUP($AB67,'[1]5-4. Calorific&Emission factor'!$P$9:$R$74,3,FALSE)))),0) -> 69213.955 | AT67: =IF($AB67="","",IF(OR($AB67="Hydrofluorocarbons(HFCs)",$AB67="ETC"),$AR67*VLOOKUP($J67,'[1]5-4. Calorific&Emission factor'!$B$10:$D$14,3,0)/1000,IF(VLOOKUP($AB67,'[1]5-1. Fuel Density'!$B$6:$G$19,6,0)="Use of other GHGs",$AU67/1000,(($AU67*'[1]5-4. Calorific&Emission factor'!$D$7)+($AV67*'[1]5-4. Calorific&Emission factor'!$D$8)+($AW67*'[1]5-4. Calorific&Emission factor'!$D$9))/1000))) -> 4.3711589 | AU67: =IF($AB67="","",IF(VLOOKUP($AB67,'[1]5-1. Fuel Density'!$B$6:$G$19,6,0)="Use of other GHGs",$AR67*VLOOKUP($AB67,'[1]5-4. Calorific&Emission factor'!$O$9:$Y$74,5,FALSE)/1000000,$AS67*VLOOKUP($AB67,'[1]5-4. Calorific&Emission factor'!$P$9:$Y$74,4,FALSE)/1000000)) -> 4367.4006 | AV67: =IF($AB67="","",IF(VLOOKUP($AB67,'[1]5-1. Fuel Density'!$B$6:$G$19,6,0)="Use of other GHGs",0,$AS67*VLOOKUP($AB67,'[1]5-4. Calorific&Emission factor'!$P$9:$Y$74,6,FALSE)/1000000)) -> 0.069213955 | AW67: =IF($AB67="","",IF(VLOOKUP($AB67,'[1]5-1. Fuel Density'!$B$6:$G$19,6,0)="Use of other GHGs",0,$AS67*VLOOKUP($AB67,'[1]5-4. Calorific&Emission factor'!$P$9:$Y$74,9,FALSE)/1000000)) -> 0.0069213955
B68: 63 | C68: PT. YONGJIN JAVASUKA GARMENT | D68: PT. YONGJIN JAVASUKA GARMENT (2,3공장) | E68: Generator | F68: Fuel | G68: Stationary combustion | I68: Gas / Diesel oil | J68: SOLAR/DIESEL OIL | K68: 14.625 | L68: 1.275 | M68: 0.5 | N68: 2.9 | O68: 2.625 | P68: 0.5 | Q68: 0.5 | R68: 0.625 | S68: 0.5 | T68: 0.925 | U68: 2.4 | V68: 1.25 | W68: 0.625 | X68: ㎥ | Y68: 2024 | Z68: =VLOOKUP($E68,'[1]5-2. Emission Facility'!$B$7:$D$16,2,0) -> Generator | AA68: =VLOOKUP($Z68,'[1]5-2. Emission Facility'!$C$7:$D$16,2,0) -> Stationary Combustion | AB68: =IF($C68="","",IF(VLOOKUP($C68,'[1]1. General Facility Information'!$C$7:$E$13,3,0)="Korea",'Scope 1'!$I68,INDEX('[1]5-1. Fuel Density'!$B$6:$B$18,MATCH('Scope 1'!$I68,'[1]5-1. Fuel Density'!$C$6:$C$18,0)))) -> Gas / Diesel oil | AC68: =IF(OR($X68="㎥",$X68="kg"),$L68,"") -> 1.275 | AD68: =IF(OR($X68="㎥",$X68="kg"),M68,"") -> 0.5 | AE68: =IF(OR($X68="㎥",$X68="kg"),N68,"") -> 2.9 | AF68: =IF(OR($X68="㎥",$X68="kg"),O68,"") -> 2.625 | AG68: =IF(OR($X68="㎥",$X68="kg"),P68,"") -> 0.5 | AH68: =IF(OR($X68="㎥",$X68="kg"),Q68,"") -> 0.5 | AI68: =IF(OR($X68="㎥",$X68="kg"),R68,"") -> 0.625 | AJ68: =IF(OR($X68="㎥",$X68="kg"),S68,"") -> 0.5 | AK68: =IF(OR($X68="㎥",$X68="kg"),T68,"") -> 0.925 | ... AN68: =IF(OR($X68="㎥",$X68="kg"),W68,"") -> 0.625 | AO68: =IF(SUM(AC68:AN68)-AP68=0,"","X") | AP68: =IF(OR($X68="㎥",$X68="kg"),$K68,"") -> 14.625 | AQ68: =IF(OR($X68="㎥",$X68="kg"),$X68,"") -> ㎥ | AR68: =IF($C68="","",$AP68*IF($AQ68="㎥",VLOOKUP('Scope 1'!AQ68,'[1]5-3. Unit Conversion'!$B$5:$J$13,3,FALSE)*VLOOKUP('Scope 1'!AB68,'[1]5-1. Fuel Density'!$B$6:$D$18,3,FALSE)*1000,IF($AQ68="kg",VLOOKUP('Scope 1'!AQ68,'[1]5-3. Unit Conversion'!$B$16:$G$21,3,FALSE),0))) -> 12343.5 | AS68: =IFERROR(IF($AB68="","",IF(VLOOKUP($AB68,'[1]5-1. Fuel Density'!$B$6:$G$19,6,0)="Use of other GHGs",0,IF($AB68="Industrial Wastes",$AR68*'[1]5-4. Calorific&Emission factor'!$R$75,$AR68*VLOOKUP($AB68,'[1]5-4. Calorific&Emission factor'!$P$9:$R$74,3,FALSE)))),0) -> 530770.5 | AT68: =IF($AB68="","",IF(OR($AB68="Hydrofluorocarbons(HFCs)",$AB68="ETC"),$AR68*VLOOKUP($J68,'[1]5-4. Calorific&Emission factor'!$B$10:$D$14,3,0)/1000,IF(VLOOKUP($AB68,'[1]5-1. Fuel Density'!$B$6:$G$19,6,0)="Use of other GHGs",$AU68/1000,(($AU68*'[1]5-4. Calorific&Emission factor'!$D$7)+($AV68*'[1]5-4. Calorific&Emission factor'!$D$8)+($AW68*'[1]5-4. Calorific&Emission factor'!$D$9))/1000))) -> 39.460027 | AU68: =IF($AB68="","",IF(VLOOKUP($AB68,'[1]5-1. Fuel Density'!$B$6:$G$19,6,0)="Use of other GHGs",$AR68*VLOOKUP($AB68,'[1]5-4. Calorific&Emission factor'!$O$9:$Y$74,5,FALSE)/1000000,$AS68*VLOOKUP($AB68,'[1]5-4. Calorific&Emission factor'!$P$9:$Y$74,4,FALSE)/1000000)) -> 39330.094 | AV68: =IF($AB68="","",IF(VLOOKUP($AB68,'[1]5-1. Fuel Density'!$B$6:$G$19,6,0)="Use of other GHGs",0,$AS68*VLOOKUP($AB68,'[1]5-4. Calorific&Emission factor'!$P$9:$Y$74,6,FALSE)/1000000)) -> 1.5923115 | AW68: =IF($AB68="","",IF(VLOOKUP($AB68,'[1]5-1. Fuel Density'!$B$6:$G$19,6,0)="Use of other GHGs",0,$AS68*VLOOKUP($AB68,'[1]5-4. Calorific&Emission factor'!$P$9:$Y$74,9,FALSE)/1000000)) -> 0.3184623
B69: 64 | C69: PT. YONGJIN JAVASUKA GARMENT | D69: PT. YONGJIN JAVASUKA GARMENT (2,3공장) | E69: Boiler | F69: Fuel | G69: Stationary combustion | I69: Industrial Wastes | J69: FABRIC WASTE FROM CUTTING | K69: 658492.79 | L69: 66719.941 | M69: 56395.915 | N69: 53472.482 | O69: 39453.389 | P69: 64766.817 | Q69: 76693.906 | R69: 101635.84 | S69: 69754.509 | T69: 27000 | U69: 32400 | V69: 28350 | W69: 41850 | X69: kg | Y69: 2024 | Z69: =VLOOKUP($E69,'[1]5-2. Emission Facility'!$B$7:$D$16,2,0) -> Boiler | AA69: =VLOOKUP($Z69,'[1]5-2. Emission Facility'!$C$7:$D$16,2,0) -> Stationary Combustion | AB69: =IF($C69="","",IF(VLOOKUP($C69,'[1]1. General Facility Information'!$C$7:$E$13,3,0)="Korea",'Scope 1'!$I69,INDEX('[1]5-1. Fuel Density'!$B$6:$B$18,MATCH('Scope 1'!$I69,'[1]5-1. Fuel Density'!$C$6:$C$18,0)))) -> Industrial Wastes | AC69: =IF(OR($X69="㎥",$X69="kg"),$L69,"") -> 66719.941 | AD69: =IF(OR($X69="㎥",$X69="kg"),M69,"") -> 56395.915 | AE69: =IF(OR($X69="㎥",$X69="kg"),N69,"") -> 53472.482 | AF69: =IF(OR($X69="㎥",$X69="kg"),O69,"") -> 39453.389 | AG69: =IF(OR($X69="㎥",$X69="kg"),P69,"") -> 64766.817 | AH69: =IF(OR($X69="㎥",$X69="kg"),Q69,"") -> 76693.906 | AI69: =IF(OR($X69="㎥",$X69="kg"),R69,"") -> 101635.84 | AJ69: =IF(OR($X69="㎥",$X69="kg"),S69,"") -> 69754.509 | AK69: =IF(OR($X69="㎥",$X69="kg"),T69,"") -> 27000 | ... AN69: =IF(OR($X69="㎥",$X69="kg"),W69,"") -> 41850 | AO69: =IF(SUM(AC69:AN69)-AP69=0,"","X") | AP69: =IF(OR($X69="㎥",$X69="kg"),$K69,"") -> 658492.79 | AQ69: =IF(OR($X69="㎥",$X69="kg"),$X69,"") -> kg | AR69: =IF($C69="","",$AP69*IF($AQ69="㎥",VLOOKUP('Scope 1'!AQ69,'[1]5-3. Unit Conversion'!$B$5:$J$13,3,FALSE)*VLOOKUP('Scope 1'!AB69,'[1]5-1. Fuel Density'!$B$6:$D$18,3,FALSE)*1000,IF($AQ69="kg",VLOOKUP('Scope 1'!AQ69,'[1]5-3. Unit Conversion'!$B$16:$G$21,3,FALSE),0))) -> 658492.79 | AS69: =IFERROR(IF($AB69="","",IF(VLOOKUP($AB69,'[1]5-1. Fuel Density'!$B$6:$G$19,6,0)="Use of other GHGs",0,IF($AB69="Industrial Wastes",$AR69*'[1]5-4. Calorific&Emission factor'!$R$75,$AR69*VLOOKUP($AB69,'[1]5-4. Calorific&Emission factor'!$P$9:$R$74,3,FALSE)))),0) -> 14326706 | AT69: =IF($AB69="","",IF(OR($AB69="Hydrofluorocarbons(HFCs)",$AB69="ETC"),$AR69*VLOOKUP($J69,'[1]5-4. Calorific&Emission factor'!$B$10:$D$14,3,0)/1000,IF(VLOOKUP($AB69,'[1]5-1. Fuel Density'!$B$6:$G$19,6,0)="Use of other GHGs",$AU69/1000,(($AU69*'[1]5-4. Calorific&Emission factor'!$D$7)+($AV69*'[1]5-4. Calorific&Emission factor'!$D$8)+($AW69*'[1]5-4. Calorific&Emission factor'!$D$9))/1000))) -> 2075.9684 | AU69: =IF($AB69="","",IF(VLOOKUP($AB69,'[1]5-1. Fuel Density'!$B$6:$G$19,6,0)="Use of other GHGs",$AR69*VLOOKUP($AB69,'[1]5-4. Calorific&Emission factor'!$O$9:$Y$74,5,FALSE)/1000000,$AS69*VLOOKUP($AB69,'[1]5-4. Calorific&Emission factor'!$P$9:$Y$74,4,FALSE)/1000000)) -> 2048719 | AV69: =IF($AB69="","",IF(VLOOKUP($AB69,'[1]5-1. Fuel Density'!$B$6:$G$19,6,0)="Use of other GHGs",0,$AS69*VLOOKUP($AB69,'[1]5-4. Calorific&Emission factor'!$P$9:$Y$74,6,FALSE)/1000000)) -> 429.80119 | AW69: =IF($AB69="","",IF(VLOOKUP($AB69,'[1]5-1. Fuel Density'!$B$6:$G$19,6,0)="Use of other GHGs",0,$AS69*VLOOKUP($AB69,'[1]5-4. Calorific&Emission factor'!$P$9:$Y$74,9,FALSE)/1000000)) -> 57.306825
